Unnamed: 0,Title,Genre,Premiere,Runtime,IMDB Score,Language,show_id,type,title,director,cast,country,date_added,release_year,rating,duration,listed_in,description
41,15 August,Comedy-drama,"March 29, 2019",124.0,5.8,Marathi,s3963,Movie,15 August,Swapnaneel Jayakar,"Rahul Pethe, Mrunmayee Deshpande, Adinath Kothare, Vaibhav Mangale, Jaywant Wadkar, Satish Pulekar, Naina Apte, Uday Tikekar",India,"March 29, 2019",2019,TV-14,124 min,"Comedies, Dramas, Independent Movies","On India's Independence Day, a zany mishap in a Mumbai chawl disrupts a young love story while compelling the residents to unite in aid of a little boy."
70,22 July,Drama,"October 10, 2018",144.0,6.8,English,s4523,Movie,22 July,Paul Greengrass,"Anders Danielsen Lie, Jon Øigarden, Jonas Strand Gravli, Ola G. Furuseth, Maria Bock, Thorbjørn Harr, Jaden Smith","Norway, Iceland, United States","October 10, 2018",2018,R,144 min,"Dramas, Thrillers","After devastating terror attacks in Norway, a young survivor, grieving families and the country rally for justice and healing. Based on a true story."
115,6 Balloons,Drama,"April 6, 2018",75.0,5.9,English,s4935,Movie,6 Balloons,Marja Lewis Ryan,"Abbi Jacobson, Dave Franco, Jane Kaczmarek, Tim Matheson, Charlotte Carel, Madeline Carel, Maya Erskine, Dawan Owens, Jen Tullock",United States,"April 6, 2018",2018,TV-MA,75 min,"Dramas, Independent Movies",A loyal sister struggles to stay afloat while driving her heroin-addicted brother to a detox center and looking after his 2-year-old daughter.
118,6 Underground,Action,"December 13, 2019",128.0,6.1,English,s3151,Movie,6 Underground,Michael Bay,"Ryan Reynolds, Mélanie Laurent, Corey Hawkins, Dave Franco, Adria Arjona, Manuel Garcia-Rulfo, Ben Hardy, Lior Raz, Payman Maadi, Yuri Kolokolnikov, Kim Kold",United States,"December 13, 2019",2019,R,129 min,"Action & Adventure, Dramas","After faking his death, a tech billionaire recruits a team of international operatives for a bold and bloody mission to take down a brutal dictator."
129,7 años,Drama,"October 28, 2016",76.0,6.8,Spanish,s5744,Movie,7 años,Roger Gual,"Paco León, Juana Acosta, Juan Pablo Raba, Alex Brendemühl, Manuel Morón",Spain,"October 27, 2016",2016,TV-MA,77 min,"Dramas, International Movies",Loyalties are tested and cruelties revealed when four business partners spend a tense evening debating who will pay for the crime they committed.
154,A California Christmas,Romantic comedy,"December 14, 2020",107.0,5.8,English,s1551,Movie,A California Christmas,Shaun Paul Piccinino,"Lauren Swickard, Josh Swickard, Ali Afshar, David Del Rio, Natalia Mann, Katelyn Epperly, Gunnar Anderson, Julie Lancaster, Amanda Detmer",United States,"December 14, 2020",2020,PG-13,107 min,"Comedies, Romantic Movies","With his carefree lifestyle on the line, a wealthy charmer poses as a ranch hand to get a hardworking farmer to sell her family’s land before Christmas."
160,A Christmas Prince: The Royal Baby,Romantic comedy,"December 5, 2019",85.0,5.4,English,s3181,Movie,A Christmas Prince: The Royal Baby,John Schultz,"Rose McIver, Ben Lamb, Alice Krige, Honor Kneafsey, Sarah Douglas, Andy Lucas, Raj Bajaj, Richard Ashton, Tahirah Sharif, Joel McVeagh, Theo Devaney, Kevin Shen, Momo Yeung, Crystal Yu, Billy Angel",United States,"December 5, 2019",2019,TV-PG,85 min,"Children & Family Movies, Dramas, Romantic Movies","Christmas brings the ultimate gift to Aldovia: a royal baby. But first, Queen Amber must save her family and kingdom by unwrapping a monarchy mystery."
169,A Fall from Grace,Thriller,"January 17, 2020",120.0,5.9,English,s3010,Movie,A Fall from Grace,Tyler Perry,"Crystal Fox, Phylicia Rashad, Cicely Tyson, Bresha Webb, Mehcad Brooks, Adrian Pasdar, Tyler Perry",United States,"January 17, 2020",2020,TV-MA,121 min,"Dramas, Thrillers","When gentle, law-abiding Grace confesses to killing her new husband, her skeptical young lawyer sets out to uncover the truth. A film by Tyler Perry."
262,A Week Away,Christian musical,"March 26, 2021",97.0,5.7,English,s1157,Movie,A Week Away,Roman White,"Kevin Quinn, Bailee Madison, Jahbril Cook, Kat Conner Sterling, Sherri Shepherd, David Koechner, Iain Tucker, Amy Grant",United States,"March 26, 2021",2021,TV-PG,98 min,"Children & Family Movies, Faith & Spirituality, Music & Musicals","In this uplifting musical, a troubled teen takes a leap of faith by attending summer camp — and unexpectedly finds love, friends and a place to belong."
264,A Whisker Away,Anime/Fantasy,"June 18, 2020",104.0,6.7,Japanese,s2365,Movie,A Whisker Away,"Junichi Sato, Tomotaka Shibayama","Mirai Shida, Natsuki Hanae, Hiroaki Ogi, Koichi Yamadera, Minako Kotobuki, Susumu Chiba, Ayako Kawasumi, Sayaka Ohara, Daisuke Namikawa",Japan,"June 18, 2020",2020,TV-PG,104 min,"Anime Features, Children & Family Movies, International Movies","A peculiar girl transforms into a cat to catch her crush's attention. But before she realizes it, the line between human and animal starts to blur."
391,Ajeeb Daastaans,Drama,"April 16, 2021",142.0,6.7,Hindi,s1024,Movie,Ajeeb Daastaans,"Shashank Khaitan, Raj Mehta, Neeraj Ghaywan, Kayoze Irani","Fatima Sana Shaikh, Jaideep Ahlawat, Armaan Ralhan, Nushrat Bharucha, Abhishek Banerjee, Inayat Verma, Konkona Sen Sharma, Aditi Rao Hydari, Shefali Shah, Manav Kaul, Tota Roy Chowdhury",India,"April 16, 2021",2021,TV-MA,142 min,"Dramas, Independent Movies, International Movies",Four shorts explore the surprising ways in which unexpected catalysts inflame the uncomfortable emotions simmering under fractured relationships.
432,Alien Xmas,Stop Motion,"November 20, 2020",42.0,6.2,English,s1667,Movie,Alien Xmas,Stephen Chiodo,"Keythe Farley, Dee Bradley Baker, Kaliayh Rhambo, Michelle Deco, Barbara Goodson",United States,"November 20, 2020",2020,TV-Y,42 min,Children & Family Movies,"A young elf mistakes a tiny alien for a Christmas gift, not knowing her new plaything has plans to destroy Earth's gravity — and steal all the presents."
441,All Day and a Night,Drama,"May 1, 2020",121.0,5.8,English,s2577,Movie,All Day and a Night,Joe Robert Cole,"Jeffrey Wright, Ashton Sanders, Regina Taylor, Yahya Abdul-Mateen II, Isaiah John, Kelly Jenrette, Shakira Ja-nai Paye",United States,"May 1, 2020",2020,R,122 min,"Dramas, Independent Movies","While serving life in prison, a young man looks back at the people, the circumstances and the system that set him on the path toward his crime."
474,Altered Carbon: Resleeved,Anime/Science fiction,"March 19, 2020",74.0,6.5,Japanese,s2800,Movie,Altered Carbon: Resleeved,"Takeru Nakajima, Yoshiyuki Okada","Tatsuhisa Suzuki, Rina Satou, Ayaka Asai, Jouji Nakata, Kenji Yamauchi, Kanehira Yamamoto, Koji Ishii","Japan, United States","March 19, 2020",2020,TV-MA,75 min,"Action & Adventure, Anime Features, International Movies","On the planet Latimer, Takeshi Kovacs must protect a tattooist while investigating the death of a yakuza boss alongside a no-nonsense CTAC."
475,Always Be My Maybe,Romantic comedy,"May 31, 2019",102.0,6.8,English,s2061,Movie,Always Be My Maybe,Dan Villegas,"Gerald Anderson, Arci Muñoz, Cacai Bautista, Ricci Chan, Tirso Cruz III, Carlo Aquino, Matt Evans, Ahron Villena, Victor Silayan, TJ Trinidad",Philippines,"September 1, 2020",2016,TV-14,112 min,"International Movies, Romantic Movies","After being unexpectedly dumped by their respective lovers, a man and a woman have a chance meeting at a resort and embark on a unique relationship."
515,American Son,Drama,"November 1, 2019",90.0,5.8,English,s3330,Movie,American Son,Kenny Leon,"Kerry Washington, Steven Pasquale, Jeremy Jordan, Eugene Lee",United States,"November 1, 2019",2019,TV-MA,90 min,Dramas,Time passes and tension mounts in a Florida police station as an estranged interracial couple awaits news of their missing teenage son.
566,Angela's Christmas,Animation,"November 30, 2018",30.0,7.1,English,s4353,Movie,Angela's Christmas,Damien O’Connor,"Lucy O'Connell, Ruth Negga, Brendan Mullins, Malachy McCourt, Vivian Drew, Anya O'Connor, Janet Moran, Brian Gleeson, Pat Kinevane","Ireland, Canada","November 30, 2018",2018,TV-Y,30 min,Children & Family Movies,A trip to church with her family on Christmas Eve gives young Angela an extraordinary idea. A heartwarming tale based on a story by Frank McCourt.
567,Angela's Christmas Wish,Animation,"December 1, 2020",47.0,7.1,English,s1610,Movie,Angela's Christmas Wish,Damien O’Connor,"Lucy O'Connell, Brendan Mullins, Ruth Negga, Lola Metcalfe, Jared Harris, Moe Dunford, Oscar Butler, Shona Hamill, Pat Kinevane, Janet Moran, Anya O'Connor",United States,"December 1, 2020",2020,TV-Y,48 min,Children & Family Movies,"With her father working far away in Australia, a determined Angela makes a plan — and a heartfelt wish — to reunite her family in time for the holidays."
612,Apostle,Horror-thriller,"October 12, 2018",129.0,6.3,English,s4511,Movie,Apostle,Gareth Evans,"Dan Stevens, Lucy Boynton, Michael Sheen, Mark Lewis Jones, Bill Milner, Kristine Froseth, Paul Higgins, Richard Elfyn, Elen Rhys, Ross O'Hennessy","United Kingdom, United States","October 12, 2018",2018,TV-MA,130 min,"Horror Movies, International Movies, Thrillers","In 1905, a drifter on a dangerous mission to rescue his kidnapped sister tangles with a sinister religious cult on an isolated island."
630,Army of the Dead,Zombie/Heist,"May 21, 2021",148.0,5.9,English,s854,Movie,Army of the Dead,Zack Snyder,"Dave Bautista, Ella Purnell, Omari Hardwick, Garret Dillahunt, Ana de la Reguera, Theo Rossi, Matthias Schweighöfer, Nora Arnezeder, Hiroyuki Sanada, Tig Notaro, Raúl Castillo, Huma Qureshi, Samantha Win, Richard Cetrone, Michael Cassidy",United States,"May 21, 2021",2021,R,148 min,"Action & Adventure, Horror Movies","After a zombie outbreak in Las Vegas, a group of mercenaries takes the ultimate gamble by venturing into the quarantine zone for the greatest heist ever."
865,Beasts of No Nation,War drama,"October 16, 2015",136.0,7.7,English/Akan,s5892,Movie,Beasts of No Nation,Cary Joji Fukunaga,"Idris Elba, Abraham Attah, Kurt Egyiawan, Jude Akuwudike, Emmanuel ""King Kong"" Nii Adom Quaye, Ama K. Abebrese, Kobina Amissah Sam, Francis Weddey, Richard Pepple",United States,"October 16, 2015",2015,TV-MA,137 min,"Dramas, Independent Movies","When civil war tears his family apart, a young West African boy is forced to join a unit of mercenary fighters and transform into a child soldier."
869,Beats,Drama,"June 19, 2019",110.0,7.1,English,s3732,Movie,Beats,Chris Robinson,"Khalil Everage, Anthony Anderson, Uzo Aduba, Emayatzy Corinealdi, Paul Walter Hauser, Dave East, Seandrea Sledge, Ashley Jackson, Megan Sousa",United States,"June 19, 2019",2019,TV-MA,110 min,"Dramas, Independent Movies, Music & Musicals","On Chicago's South Side, hip-hop prodigy August Monroe navigates crippling anxiety and new creative frontiers with the help of an unlikely mentor."
912,Below Zero,Drama,"January 29, 2021",106.0,6.2,Spanish,s1369,Movie,Below Zero,Lluís Quílez,"Javier Gutiérrez, Karra Elejalde, Luis Callejo, Andrés Gertrúdix, Isak Ferriz, Édgar Vittorino, Miquel Gelabert, Florin Opritescu, Àlex Monner, Patrick Criado",Spain,"January 29, 2021",2021,TV-MA,107 min,"Action & Adventure, International Movies","When a prisoner transfer van is attacked, the cop in charge must fight those inside and outside while dealing with a silent foe: the icy temperatures."
952,Between Two Ferns: The Movie,Comedy,"September 20, 2019",82.0,6.1,English,s3501,Movie,Between Two Ferns: The Movie,Scott Aukerman,"Zach Galifianakis, Lauren Lapkus, Ryan Gaul, Jiavani Linayao, Will Ferrell",United States,"September 20, 2019",2019,TV-MA,83 min,Comedies,"Armed with awkward questions and zero self-awareness, Zach Galifianakis hits the road to find famous interview subjects for his no-budget talk show."
1006,Biggie: I Got a Story to Tell,Documentary,"March 1, 2021",97.0,6.9,English,s1249,Movie,Biggie: I Got a Story to Tell,Emmett Malloy,"The Notorious B.I.G., Sean ""P. Diddy"" Combs",United States,"March 1, 2021",2021,R,98 min,"Documentaries, Music & Musicals","Featuring rare footage and in-depth interviews, this documentary celebrates the life of The Notorious B.I.G. on his journey from hustler to rap king."
1029,Bird Box,Psychological thriller,"December 21, 2018",124.0,6.6,English,s4269,Movie,Bird Box,Susanne Bier,"Sandra Bullock, Trevante Rhodes, John Malkovich, Sarah Paulson, BD Wong, Jacki Weaver, Rosa Salazar, Danielle Macdonald, Lil Rel Howery, Tom Hollander",United States,"December 21, 2018",2018,R,124 min,"Dramas, Sci-Fi & Fantasy, Thrillers","Five years after an ominous unseen presence drives most of society to suicide, a survivor and her two children make a desperate bid to reach safety."
1226,Bright,Urban fantasy,"December 22, 2017",117.0,6.3,English,s5114,Movie,Bright,David Ayer,"Will Smith, Joel Edgerton, Noomi Rapace, Lucy Fry, Edgar Ramírez, Ike Barinholtz, Brad William Henke, Enrique Murciano, Happy Anderson, Kenneth Choi, Andrea Navedo, Dawn Olivieri",United States,"December 22, 2017",2017,TV-MA,118 min,"Action & Adventure, Sci-Fi & Fantasy","In an LA rife with interspecies tensions, a human cop and his orc partner stumble on a powerful object and become embroiled in a prophesied turf war."
1354,Cargo,Drama/Horror,"May 18, 2018",104.0,6.3,English,s2031,Movie,Cargo,Arati Kadav,"Vikrant Massey, Shweta Tripathi, Nandu Madhav, Konkona Sen Sharma, Biswapati Sarkar, Ritwik Bhaumik, Prabal Panjabi, Hansal Mehta",India,"September 9, 2020",2020,TV-14,113 min,"Comedies, Dramas, Independent Movies","Aboard a spaceship where souls of the deceased are readied for reincarnation, a lone crew member’s rigid existence is disrupted by a spry new assistant."
1577,Class of '83,Drama,"August 21, 2020",98.0,5.8,Hindi,s2104,Movie,Class of '83,Atul Sabharwal,"Bobby Deol, Bhupendra Jadawat, Hitesh Bhojraj, Anup Soni, Joy Sengupta, Sameer Paranjape, Ninad Mahajani, Prithvik Pratap",India,"August 21, 2020",2020,TV-14,98 min,"Dramas, International Movies, Thrillers","Demoted to an academy job, a cop trains five foolhardy students as assassins in his risky revenge plot against police corruption and the underworld."
1588,Clinical,Thriller,"January 13, 2017",104.0,5.1,English,s5638,Movie,Clinical,Alistair Legrand,"Vinessa Shaw, Kevin Rahm, William Atherton, Aaron Stanford, Wilmer Calderon, Sydney Tamiia Poitier, India Eisley, Nestor Serrano",United States,"January 13, 2017",2017,TV-MA,104 min,"Horror Movies, Thrillers",A psychiatrist is plagued by flashbacks to a terrifying attack as she treats a new patient who was horribly disfigured in an accident.
1627,Coin Heist,Heist,"January 6, 2017",97.0,4.8,English,s5643,Movie,Coin Heist,Emily Hagins,"Sasha Pieterse, Alexis G. Zall, Alex Saxon, Jay Walker, Mark Blum, Neal Huff, Michael Cyril Creighton, Blanche Baker, Connor Ratliff, Will Denton",United States,"January 6, 2017",2017,TV-14,98 min,"Children & Family Movies, Dramas","When a crisis threatens to destroy their high school, four teens hatch a daring plan to raise $10 million. Step one? Breaking into the U.S. Mint."
1657,Concrete Cowboy,Drama,"April 2, 2021",111.0,6.3,English,s1106,Movie,Concrete Cowboy,Ricky Staub,"Idris Elba, Caleb McLaughlin, Jharrel Jerome, Byron Bowers, Lorraine Toussaint, Method Man, Ivannah Mercedes, Jamil Prattis, Liz Priestley","United Kingdom, United States","April 2, 2021",2021,R,112 min,"Dramas, Independent Movies","Sent to live with his estranged father for the summer, a rebellious teen finds kinship in a tight-knit Philadelphia community of Black cowboys."
1684,Cops and Robbers,Animation / Short,"December 28, 2020",7.0,6.9,English,s1485,Movie,Cops and Robbers,"Arnon Manor, Timothy Ware-Hill",Timothy Ware-Hill,United States,"December 28, 2020",2020,PG-13,8 min,Dramas,Animation and activism unite in this multimedia spoken-word response to police brutality and racial injustice.
1710,Crazy About Her,Romantic comedy,"February 26, 2021",102.0,6.6,Spanish,s1261,Movie,Crazy About Her,Dani de la Orden,"Álvaro Cervantes, Susana Abaitua, Luis Zahera, Clara Segura, Aixa Villagrán, Paula Malia, Nil Cardoner, Txell Aixendri, Alberto San Juan",Spain,"February 26, 2021",2021,TV-MA,107 min,"Comedies, International Movies, Romantic Movies","After spending a wild night together, Adri discovers the only way to see Carla again is to become a patient at the psychiatric center where she resides."
1776,Da 5 Bloods,War drama,"June 12, 2020",155.0,6.5,English,s2394,Movie,Da 5 Bloods,Spike Lee,"Delroy Lindo, Jonathan Majors, Clarke Peters, Norm Lewis, Isiah Whitlock Jr., Mélanie Thierry, Paul Walter Hauser, Jasper Pääkkönen, Johnny Nguyen, Chadwick Boseman",United States,"June 12, 2020",2020,R,156 min,"Action & Adventure, Dramas",Four African American veterans return to Vietnam decades after the war to find their squad leader's remains — and a stash of buried gold. From Spike Lee.
1798,Dance Dreams: Hot Chocolate Nutcracker,Documentary,"November 27, 2020",80.0,7.1,English,s1637,Movie,Dance Dreams: Hot Chocolate Nutcracker,Oliver Bokelberg,Debbie Allen,United States,"November 27, 2020",2020,TV-PG,81 min,"Children & Family Movies, Documentaries","This documentary spotlights Debbie Allen's career and follows her group of dance students as they prepare for Allen's annual ""Hot Chocolate Nutcracker."""
1805,Dancing with the Birds,Documentary,"October 23, 2019",51.0,8.3,English,s3387,Movie,Dancing with the Birds,Huw Cordey,Stephen Fry,United States,"October 23, 2019",2019,TV-PG,52 min,Documentaries,"From ruffling their majestic feathers to nailing im-peck-able courtship routines, birds in paradise flaunt their best moves in hopes of landing a mate."
1827,Dark Forces,Thriller,"August 21, 2020",81.0,2.6,Spanish,s2105,Movie,Dark Forces,Bernardo Arellano,"Tenoch Huerta, Eréndira Ibarra, Dale Carley, Ariane Pellicer, Johana Blendl, Dai Liparoti, Mauricio Aspe, Nick Zedd",Mexico,"August 21, 2020",2020,TV-MA,81 min,"Horror Movies, Independent Movies, International Movies","In search of his sister, a renegade criminal seeks answers at a sordid hotel where he encounters a sinister guest and romances a mysterious waitress."
1847,David Attenborough: A Life on Our Planet,Documentary,"October 4, 2020",83.0,9.0,English,s1887,Movie,David Attenborough: A Life on Our Planet,"Alastair Fothergill, Jonnie Hughes, Keith Scholey",David Attenborough,"United States, United Kingdom","October 4, 2020",2020,PG,84 min,Documentaries,"A broadcaster recounts his life, and the evolutionary history of life on Earth, to grieve the loss of wild places and offer a vision for the future."
1897,Death to 2020,Comedy,"December 27, 2020",70.0,6.8,English,s1487,Movie,Death to 2020,"Al Campbell, Alice Mathias","Samuel L. Jackson, Hugh Grant, Lisa Kudrow, Kumail Nanjiani, Tracey Ullman, Samson Kayo, Leslie Jones, Diane Morgan, Cristin Milioti, Joe Keery",United States,"December 27, 2020",2020,TV-MA,71 min,Comedies,"As the year we all want to end finally does, take a look back at 2020's mad glory in this comedic retrospective from the creators of ""Black Mirror."""
1941,Desperados,Romantic comedy,"July 3, 2020",106.0,5.2,English,s2295,Movie,Desperados,LP,"Nasim Pedrad, Anna Camp, Lamorne Morris, Heather Graham, Robbie Amell, Sarah Burns, Jessica Chaffin",United States,"July 3, 2020",2020,TV-MA,107 min,"Comedies, Romantic Movies","After drunkenly sending a cringeworthy email, hopeless romantic Wes heads to Mexico with her best friends to erase the note before her new love reads it."
1943,Despite Everything,Comedy,"May 3, 2019",78.0,5.4,Spanish,s3863,Movie,Despite Everything,Gabriela Tagliavini,"Blanca Suárez, Macarena García, Amaia Salamanca, Belén Cuesta, Maxi Iglesias, Juan Diego, Joaquín Climent, Carlos Bardem, Emilio Gutiérrez Caba, Tito Valverde, Teresa Rabal, Rossy de Palma, Marisa Paredes",Spain,"May 3, 2019",2019,TV-MA,79 min,"Comedies, International Movies, Romantic Movies","After their mother's death, four sisters learn a shocking family secret and embark on an adventure to discover the truth about their genealogy."
2026,Dolemite Is My Name,Biopic,"October 25, 2019",118.0,7.3,English,s3373,Movie,Dolemite Is My Name,Craig Brewer,"Eddie Murphy, Wesley Snipes, Keegan-Michael Key, Mike Epps, Craig Robinson, Tituss Burgess, Da'Vine Joy Randolph, Kodi Smit-McPhee",United States,"October 25, 2019",2019,R,118 min,"Comedies, Dramas","In 1970s LA, struggling comedian Rudy Ray Moore hits it big with his raunchy alter ego, Dolemite, then risks it all to take his act to the big screen."
2110,Drive,Action,"November 1, 2019",147.0,3.5,Hindi,s3335,Movie,Drive,Tarun Mansukhani,"Jacqueline Fernandez, Sushant Singh Rajput, Boman Irani, Pankaj Tripathi, Vikramjeet Virk, Sapna Pabbi, Vibha Chhibber, Kaustubh Kumar",India,"November 1, 2019",2019,TV-14,119 min,"Action & Adventure, International Movies","A notorious thief allies with a street racer for a grand heist involving an elaborate game of deceit with authorities, who have their own dirty secrets."
2143,Earth and Blood,Action,"April 17, 2020",80.0,4.9,French,s2669,Movie,Earth and Blood,Julien Leclercq,"Sami Bouajila, Eriq Ebouaney, Samy Seghir, Sofia Lesaffre","France, Belgium","April 17, 2020",2020,TV-MA,81 min,"Dramas, International Movies, Thrillers",A sawmill owner and his teenage daughter become tangled in a deadly feud when a drug dealer stashes stolen cocaine on their remote property.
2148,Earthquake Bird,Mystery,"November 15, 2019",107.0,5.9,English,s3265,Movie,Earthquake Bird,Wash Westmoreland,"Alicia Vikander, Riley Keough, Naoki Kobayashi, Jack Huston, Kiki Sukezane, Yoshiko Sakuma, Ken Yamamura, Kazuhiro Muroyama, Akiko Iwase, Crystal Kay","United Kingdom, Japan, United States","November 15, 2019",2019,R,107 min,"Dramas, Romantic Movies","In 1980s Tokyo, an enigmatic expat is suspected of killing her friend, who's gone missing in the wake of their love triangle with a local photographer."
2186,El Camino: A Breaking Bad Movie,Crime drama,"October 11, 2019",121.0,7.3,English,s3429,Movie,El Camino: A Breaking Bad Movie,Vince Gilligan,Aaron Paul,United States,"October 11, 2019",2019,TV-MA,123 min,"Dramas, Thrillers","Fugitive Jesse Pinkman attempts to outrun his past. Written and directed by ""Breaking Bad"" creator Vince Gilligan, starring Aaron Paul."
2221,Eli,Horror,"October 18, 2019",98.0,5.7,English,s3399,Movie,Eli,Ciarán Foy,"Charlie Shotwell, Lili Taylor, Kelly Reilly, Max Martini, Sadie Sink, Deneen Tyler, Katia Gomez",United States,"October 18, 2019",2019,TV-MA,98 min,Horror Movies,"With his desperate parents in tow, an 11-year-old boy with a debilitating illness checks into an isolated clinic to undergo experimental therapy."
2222,Elisa & Marcela,Romance,"June 7, 2019",118.0,6.6,Spanish,s3764,Movie,Elisa & Marcela,Isabel Coixet,"Natalia de Molina, Greta Fernández, Sara Casasnovas, Tamar Novas, Kelly Lua, Manuel Lourenzo, Jorge Suquet, Ana Santos, Mariana Carballal, Roberto Leal, Luisa Merelas, Amparo Moreno, Lluís Homar, Manolo Solo, María Pujalte, Francesc Orella",Spain,"June 7, 2019",2019,TV-MA,119 min,"Dramas, International Movies, LGBTQ Movies","In 1901 Spain, Elisa Sánchez Loriga adopts a male identity in order to marry the woman she loves, Marcela Gracia Ibeas. Based on true events."
2263,Enter the Anime,Documentary,"August 5, 2019",58.0,2.5,English/Japanese,s3624,Movie,Enter the Anime,Alex Burunova,"Kozo Morishita, Yoko Takahashi, Shinji Aramaki, Kenji Kamiyama","United States, Japan","August 5, 2019",2019,TV-MA,59 min,"Documentaries, International Movies","What is anime? Through deep-dives with notable masterminds of this electrifying genre, this fast-paced peek behind the curtain seeks to find the answers."
2290,Eurovision Song Contest: The Story of Fire Saga,Musical comedy,"June 26, 2020",123.0,6.5,English,s2331,Movie,Eurovision Song Contest: The Story of Fire Saga,David Dobkin,"Will Ferrell, Rachel McAdams, Dan Stevens, Melissanthi Mahut, Mikael Persbrandt, Ólafur Darri Ólafsson, Graham Norton, Demi Lovato, Pierce Brosnan",United States,"June 26, 2020",2020,PG-13,124 min,"Comedies, Music & Musicals, Romantic Movies","Two small-town singers chase their pop star dreams at a global music competition, where high stakes, scheming rivals and onstage mishaps test their bond."
2325,Extraction,Action,"April 24, 2020",117.0,6.7,English,s142,Movie,Extraction,Steven C. Miller,"Bruce Willis, Kellan Lutz, Gina Carano, D.B. Sweeney, Joshua Mikel, Steve Coulter, Dan Bilzerian, Heather Johansen","United States, United Kingdom, Canada","September 1, 2021",2015,R,82 min,Action & Adventure,"When a retired CIA agent is kidnapped, his son, a government analyst, embarks on an unauthorized mission to find him and halt a terrorist plot."
2357,Falling Inn Love,Romantic comedy,"August 29, 2019",97.0,5.6,English,s3556,Movie,Falling Inn Love,Roger Kumble,"Christina Milian, Adam Demos, Jeffrey Bowyer-Chapman, Anna Jullienne, Claire Chitham, Blair Strang, Jonathan Martin, William Walker, Daniel Watterson, Simone Walker",United States,"August 29, 2019",2019,TV-PG,98 min,"Comedies, Romantic Movies","When a San Francisco exec wins a New Zealand inn, she ditches city life to remodel and flip the rustic property with help from a handsome contractor."
2383,Fatal Affair,Thriller,"July 16, 2020",89.0,4.5,English,s2233,Movie,Fatal Affair,Peter Sullivan,"Nia Long, Omar Epps, Stephen Bishop, Maya Stojan, Aubrey Cleland, Carolyn Hennesy",United States,"July 16, 2020",2020,TV-14,90 min,Thrillers,A lawyer is caught in a terrifying game of cat and mouse when a drink with an old friend escalates into an obsession that jeopardizes everyone she loves.
2412,Feel the Beat,Family/Comedy-drama,"June 19, 2020",107.0,6.3,English,s2357,Movie,Feel the Beat,Elissa Down,"Sofia Carson, Wolfgang Novogratz, Donna Lynne Champlin, Eva Hauge, Rex Lee, Brandon Kyle Goodman, Lidya Jewett, Sadie Lapidus, Johanna Colón, Shaylee Mansfield, Shiloh Nelson, Justin Allan, Carina Battrick, Kai Zen, Marissa Jaret Winokur, Enrico Colantoni, Dennis Andres",United States,"June 19, 2020",2020,TV-G,110 min,"Children & Family Movies, Comedies, Dramas","After blowing a Broadway audition, a self-centered dancer reluctantly returns home and agrees to coach a squad of young misfits for a big competition."
2424,Ferry,Crime drama,"May 14, 2021",106.0,7.1,Dutch,s879,Movie,Ferry,Cecilia Verheyden,"Frank Lammers, Elise Schaap, Huub Stapel, Monic Hendrickx, Raymond Thiry, Maarten Heijmans, Yannick van de Velde","Belgium, Netherlands","May 14, 2021",2021,TV-MA,107 min,"Dramas, International Movies, Thrillers","Before he built a drug empire, Ferry Bouman returns to his hometown on a revenge mission that finds his loyalty tested — and a love that alters his life."
2449,Firebrand,Drama,"February 22, 2019",112.0,5.2,Marathi,s4086,Movie,Firebrand,Aruna Raje,"Usha Jadhav, Girish Kulkarni, Sachin Khedekar, Rajeshwari Sachdev, Rushad Rana, Mrunal Oak",India,"February 22, 2019",2019,TV-MA,117 min,"Dramas, International Movies","While she successfully advocates for her female clients in difficult divorce cases, a lawyer’s trauma from sexual assault impacts her own marriage."
2463,First They Killed My Father,Drama,"September 15, 2017",136.0,7.2,Khmer/English/French,s5271,Movie,First They Killed My Father,Angelina Jolie,"Sreymoch Sareum, Kompheak Phoeung, Socheata Sveng, Dara Heng, Sothea Khoun, Sreyneang Oun, Kimhak Mun, Chenda Run, Nika Sarun, Nita Sarun","Cambodia, United States","September 15, 2017",2017,TV-MA,137 min,Dramas,A 5-year-old girl embarks on a harrowing quest for survival amid the sudden rise and terrifying reign of the Khmer Rouge in Cambodia.
2694,Get the Goat,Comedy,"March 18, 2021",97.0,6.3,Portuguese,s1189,Movie,Get the Goat,Vitor Brandt,"Matheus Nachtergaele, Edmilson Filho, Letícia Lima, Leandro Ramos, Evelyn Castro, Valéria Vitoriano, Victor Allen, Renan Medeiros, Eyrio Okura, Jéssica Tamochunas, Marcondes Falcão, Juliano Cazarré",Brazil,"March 18, 2021",2021,TV-14,98 min,"Action & Adventure, Comedies, International Movies","Two hapless cops find themselves in over their heads as they cross paths with dangerous criminals while searching for Celestina, a beloved goat mascot."
2702,Ghost Lab,Horror,"May 26, 2021",117.0,5.2,Thai,s837,Movie,Ghost Lab,Paween Purijitpanya,"Thanapob Leeratanakachorn, Paris Intarakomalyasut, Nuttanicha Dungwattanawanich, Suquan Bulakul, Rachanee Siralert, Chaleeda Gilbert, Nuttawut Jenmana, Alanta Potjes, Anchuleeon Buagaew, Jinjuta Rattanaburi",Thailand,"May 27, 2021",2021,TV-MA,118 min,"Horror Movies, International Movies, Thrillers","After witnessing a haunting in their hospital, two doctors become dangerously obsessed with obtaining scientific proof that ghosts exist."
2706,Ghost Stories,Horror anthology,"January 1, 2020",144.0,4.3,Hindi,s3061,Movie,Ghost Stories,"Anurag Kashyap, Dibakar Banerjee, Karan Johar, Zoya Akhtar","Janhvi Kapoor, Sobhita Dhulipala, Sukant Goel, Gulshan Devaiah, Mrunal Thakur, Avinash Tiwary, Vijay Varma, Sagar Arya, Surekha Sikri, Pavail Gulati",India,"January 1, 2020",2020,TV-MA,145 min,"Horror Movies, International Movies, Thrillers","The directors of Emmy-nominated ""Lust Stories"" (Zoya Akhtar, Anurag Kashyap, Dibakar Banerjee and Karan Johar) reunite for this quartet of thrillers."
2726,Ginny Weds Sunny,Romantic comedy,"October 9, 2020",125.0,5.7,Hindi,s1870,Movie,Ginny Weds Sunny,Puneet Khanna,"Yami Gautam, Vikrant Massey, Suhail Nayyar, Ayesha Raza Mishra, Isha Talwar, Rajeev Gupta",India,"October 9, 2020",2020,TV-MA,126 min,"Comedies, International Movies, Romantic Movies","Eager to marry but constantly rejected by women, a bachelor hopes to win over a former crush by accepting help from an unlikely source: her mother."
2734,Girlfriend's Day,Comedy,"February 14, 2017",70.0,5.2,English,s5607,Movie,Girlfriend's Day,Michael Paul Stephenson,"Bob Odenkirk, Amber Tamblyn, Natasha Lyonne, Alex Karpovsky, Stacy Keach, Andy Richter, Ed Begley Jr., David Sullivan, Larry Fessenden, June Diane Raphael, Rich Sommer, Steven Michael Quezada, Echo Kellum, Stephanie Courtney, Toby Huss, Tucker Smallwood, Kevin O'Grady, Nate Mooney",United States,"February 14, 2017",2017,TV-MA,71 min,"Comedies, Independent Movies","When he's caught up in a deadly conspiracy, an unemployed greeting card writer must create the perfect card for a new holiday to save his skin."
2798,Good Sam,Drama,"May 16, 2019",89.0,5.7,English,s3819,Movie,Good Sam,Kate Melville,"Tiya Sircar, Chad Connell, Marco Grazzini, Jesse Camacho, Mark Camacho, Elana Dunkelman, Kelly Hope Taylor, Kenny Wong, Daniela Sandiford, Christina Tannous",United States,"May 16, 2019",2019,TV-PG,90 min,"Children & Family Movies, Dramas",A curious reporter finds love while pursuing the story of a mysterious figure who's leaving bags of cash for strangers around New York City.
2863,Guilty,Thriller,"March 6, 2020",119.0,5.4,Hindi,s2834,Movie,Guilty,Ruchi Narain,"Kiara Advani, Akansha Ranjan Kapoor, Gurfateh Pirzada, Taher Shabbir, Niki Walia, Manu Rishi Chadha, Dalip Tahil, Kunal Vijaykar",India,"March 6, 2020",2020,TV-MA,120 min,"Dramas, International Movies","When a college heartthrob is accused of rape by a less popular student, his girlfriend navigates various versions of the story in search of the truth."
2868,Gunjan Saxena: The Kargil Girl,Drama,"August 12, 2020",112.0,5.3,Hindi,s2142,Movie,Gunjan Saxena: The Kargil Girl,Sharan Sharma,"Janhvi Kapoor, Pankaj Tripathi, Angad Bedi, Viineet Kumar, Manav Vij, Ayesha Raza Mishra",India,"August 12, 2020",2020,TV-14,113 min,"Action & Adventure, Dramas, International Movies",Flight Lieutenant Gunjan Saxena makes history in her journey from aspiring aviator to India’s first female combat pilot in the Kargil War.
2915,Handsome: A Netflix Mystery Movie,Comedy,"May 5, 2017",81.0,5.2,English,s5494,Movie,Handsome: A Netflix Mystery Movie,Jeff Garlin,"Jeff Garlin, Natasha Lyonne, Amy Sedaris, Steven Weber, Christine Woods, Eddie Pepitone, Timm Sharp, Brad Morris, Leah Remini, Ava Acres",United States,"May 5, 2017",2017,TV-MA,81 min,Comedies,Homicide detective Gene Handsome sets out to solve a woman's murder while searching for clues about what's missing from his personal life.
2929,Happy Anniversary,Romantic comedy,"March 30, 2018",78.0,5.8,English,s4961,Movie,Happy Anniversary,Jared Stern,"Noël Wells, Ben Schwartz, Joe Pantoliano, Annie Potts, Rahul Kohli, Kristin Bauer van Straten, David Walton, Leonardo Nam, Kate Berlant",United States,"March 30, 2018",2018,TV-MA,78 min,"Comedies, Romantic Movies",A quirky couple spends their three-year dating anniversary looking back at their relationship and contemplating whether they should break up.
3084,Hillbilly Elegy,Drama,"November 24, 2020",117.0,6.7,English,s1657,Movie,Hillbilly Elegy,Ron Howard,"Amy Adams, Glenn Close, Gabriel Basso, Haley Bennett, Freida Pinto, Bo Hopkins, Owen Asztalos",United States,"November 24, 2020",2020,R,117 min,Dramas,"An urgent phone call pulls a Yale Law student back to his Ohio hometown, where he reflects on three generations of family history and his own future."
3110,Hold the Dark,Thriller,"September 28, 2018",125.0,5.6,English,s4620,Movie,Hold the Dark,Jeremy Saulnier,"Jeffrey Wright, Alexander Skarsgård, James Badge Dale, Riley Keough, Julian Black Antelope, Tantoo Cardinal, Macon Blair, Jonathan Whitesell, Peter McRobbie",United States,"September 28, 2018",2018,TV-MA,126 min,"Action & Adventure, Dramas","In the grim Alaskan winter, a naturalist hunts for wolves blamed for killing a local boy, but he soon finds himself swept into a chilling mystery."
3159,Horse Girl,Drama,"February 7, 2020",104.0,5.9,English,s2940,Movie,Horse Girl,Jeff Baena,"Alison Brie, Debby Ryan, Paul Reiser, John Reynolds, Molly Shannon, John Ortiz, Meredith Hagner, Jake Picking, David Paymer, Jay Duplass",United States,"February 7, 2020",2020,R,104 min,"Dramas, Independent Movies","A sweet misfit with a fondness for crafts, horses and supernatural crime shows finds her increasingly lucid dreams trickling into her waking life."
3192,How It Ends,Action-thriller,"July 13, 2018",113.0,5.0,English,s4774,Movie,How It Ends,David M. Rosenthal,"Theo James, Forest Whitaker, Kat Graham, Nicole Ari Parker, Mark O'Brien, Grace Dove",United States,"July 13, 2018",2018,TV-MA,113 min,"Action & Adventure, Sci-Fi & Fantasy","When a mysterious disaster turns the country into a war zone, a young lawyer heads west with his future father-in-law to find his pregnant fiancée."
3213,Hubie Halloween,Comedy,"October 7, 2020",103.0,5.2,English,s1880,Movie,Hubie Halloween,Steve Brill,"Adam Sandler, Kevin James, Julie Bowen, Ray Liotta, Steve Buscemi, Maya Rudolph, Rob Schneider, June Squibb, Kenan Thompson, Tim Meadows, Michael Chiklis, Karan Brar, George Wallace, Paris Berelc, Noah Schnapp, China Anne McClain, Colin Quinn, Kym Whitley, Lavell Crawford, Mikey Day, Jackie Sandler, Sadie Sandler, Sunny Sandler",United States,"October 7, 2020",2020,PG-13,104 min,"Comedies, Horror Movies","Hubie's not the most popular guy in Salem, Mass., but when Halloween turns truly spooky, this good-hearted scaredy-cat sets out to keep his town safe."
3250,I Am All Girls,Thriller,"May 14, 2021",107.0,5.8,English,s882,Movie,I Am All Girls,Donovan Marsh,"Erica Wessels, Hlubi Mboya, Deon Lotz, Brendon Daniels, Mothusi Magano",South Africa,"May 14, 2021",2021,TV-MA,107 min,"Dramas, International Movies, Thrillers",A relentless detective finds common ground with a killer systematically targeting the perpetrators running a powerful child-trafficking ring.
3289,I'll Sleep When I'm Dead,Documentary,"August 19, 2016",79.0,6.6,English,s5811,Movie,I'll Sleep When I'm Dead,Justin Krook,Steve Aoki,United States,"August 19, 2016",2016,TV-MA,80 min,"Documentaries, Music & Musicals","Superstar DJ Steve Aoki reflects on the driving force behind his career: his ambitious father, Benihana founder and perennial daredevil Rocky Aoki."
3293,I'm No Longer Here,Drama,"May 27, 2020",105.0,7.3,Spanish,s2468,Movie,I'm No Longer Here,Fernando Frías de la Parra,"Juan Daniel García, Angelina Chen, Jonathan Espinoza, Coral Puente, Tania Alvarado, Fanny Tovar, Luis Leonardo Zapata, Yahir Alday, Leonardo Garza, Yocelin Coronado, Deyanira Coronado","Mexico, United States","May 27, 2020",2019,TV-MA,112 min,"Dramas, Independent Movies, International Movies","A terrible misunderstanding with a local gang sends 17-year-old Ulises, leader of a group hooked on cumbia music, across the border to save his life."
3295,I'm Thinking of Ending Things,Psychological thriller,"September 4, 2020",134.0,6.6,English,s2046,Movie,I'm Thinking of Ending Things,Charlie Kaufman,"Jessie Buckley, Jesse Plemons, Toni Collette, David Thewlis, Guy Boyd",United States,"September 4, 2020",2020,R,135 min,"Dramas, Independent Movies",Nothing is as it seems when a woman experiencing misgivings about her new boyfriend joins him on a road trip to meet his parents at their remote farm.
3308,Icarus,Documentary,"August 4, 2017",120.0,7.9,English,s5344,Movie,Icarus,Bryan Fogel,"Bryan Fogel, Grigory Rodchenkov",United States,"August 4, 2017",2017,TV-MA,121 min,"Documentaries, Sports Movies",An American filmmaker and cyclist unwittingly wades into a global scandal when a Russian scientist leaks shocking details of a vast doping conspiracy.
3356,In the Shadow of the Moon,Thriller,"September 27, 2019",115.0,6.2,English,s3485,Movie,In the Shadow of the Moon,Jim Mickle,"Boyd Holbrook, Michael C. Hall, Cleopatra Coleman, Bokeem Woodbine, Rudi Dharmalingam, Rachel Keller","United States, Canada","September 27, 2019",2019,TV-MA,116 min,"Dramas, Sci-Fi & Fantasy, Thrillers",A Philadelphia detective slowly unravels as he nurses a lifelong obsession with an enigmatic female serial killer whose crimes defy explanation.
3415,Into the Inferno,Documentary,"October 28, 2016",107.0,7.2,English,s5739,Movie,Into the Inferno,Werner Herzog,Werner Herzog,"United Kingdom, Germany, Canada","October 28, 2016",2016,TV-PG,107 min,Documentaries,"With stunning views of eruptions and lava flows, Werner Herzog captures the raw power of volcanoes and their ties to indigenous spiritual practices."
3420,Intuition,Thriller,"May 28, 2020",116.0,5.3,Spanish,s2466,Movie,Intuition,Alejandro Montiel,"Luisana Lopilato, Joaquín Furriel, Rafael Ferro, Maite Lanata, Juan Manuel Guilera, Abel Ayala, Sebastián Mogordoy, Delfina Chaves, Marita Ballesteros, Miriam Odorico",Argentina,"May 28, 2020",2020,TV-MA,116 min,"Dramas, International Movies, Thrillers","Police officer Pipa works on her first big case while simultaneously investigating her boss, who is suspected of murder. The prequel to ""Perdida""."
3456,Isi & Ossi,Romantic comedy,"February 14, 2020",113.0,6.4,German,s2915,Movie,Isi & Ossi,Oliver Kienle,"Lisa Vicari, Dennis Mojen, Walid Al-Atiyat, Christina Hecke, Zoë Straub, Lisa Hagmeister, Hans-Jochen Wagner, André Eisermann, Ernst Stötzner",Germany,"February 14, 2020",2020,TV-MA,113 min,"Comedies, International Movies, Romantic Movies",A billionaire's daughter fakes a relationship with a cash-strapped boxer in order to coerce her parents into letting her pursue her culinary dreams.
3581,Jingle Jangle: A Christmas Journey,Family/Christmas musical,"November 13, 2020",119.0,6.5,English,s1704,Movie,Jingle Jangle: A Christmas Journey,David E. Talbert,"Forest Whitaker, Keegan-Michael Key, Hugh Bonneville, Anika Noni Rose, Madalen Mills, Phylicia Rashad, Ricky Martin, Justin Cornwell, Sharon Rose, Lisa Davina Phillip, Kieron Dyer",United States,"November 13, 2020",2020,PG,124 min,"Children & Family Movies, Music & Musicals","Decades after his trusted apprentice betrayed him, a once-joyful toymaker finds new hope when his kind and curious granddaughter comes into his life."
3594,Joan Didion: The Center Will Not Hold,Documentary,October 27. 2017,98.0,7.5,English,s5202,Movie,Joan Didion: The Center Will Not Hold,Griffin Dunne,Joan Didion,United States,"October 27, 2017",2017,TV-14,98 min,Documentaries,"Literary icon Joan Didion reflects on her remarkable career and personal struggles in this intimate documentary directed by her nephew, Griffin Dunne."
3630,Juanita,Drama,"March 8, 2019",90.0,6.0,English,s4034,Movie,Juanita,Clark Johnson,"Alfre Woodard, Adam Beach, LaTanya Richardson Jackson, Marcus Henderson, Blair Underwood, Ashlie Atkinson, Tsulan Cooper",United States,"March 8, 2019",2019,TV-MA,90 min,"Dramas, Independent Movies, Romantic Movies","Burdened by troubles in life and love, a mother of three grown children searches for hope and healing on an impromptu trip to Paper Moon, Montana."
3645,June & Kopi,Drama,"January 28, 2021",90.0,6.3,Indonesian,s1373,Movie,June & Kopi,Noviandra Santosa,"Acha Septriasa, Ryan Delon, Makayla Rose Hilli, TJ",Indonesia,"January 28, 2021",2021,TV-PG,90 min,"Children & Family Movies, Dramas, International Movies","A street dog is taken in by a young couple, and the family pit becomes an instant accomplice as she adjusts to her new, loving home."
3656,Just Say Yes,Romantic comedy,"April 2, 2021",97.0,4.5,Dutch,s1110,Movie,Just Say Yes,"Appie Boudellah, Aram van de Rest","Yolanthe Cabau, Noortje Herlaar, Kim-Lian van der Meij, Nienke Plas, Pip Pellens, Jim Bakkum, Huub Smit, Edwin Jonker",Netherlands,"April 2, 2021",2021,TV-MA,98 min,"Comedies, International Movies, Romantic Movies",Incurable romantic Lotte finds her life upended when her plans for a picture-perfect wedding unravel — just as her self-absorbed sister gets engaged.
3745,Keith Richards: Under the Influence,Documentary,"September 18, 2015",81.0,7.1,English,s5897,Movie,Keith Richards: Under the Influence,Morgan Neville,Keith Richards,United States,"September 18, 2015",2015,TV-14,82 min,"Documentaries, Music & Musicals","In a documentary with unparalleled access, discover the people and sounds that inspired rock 'n' roll legend Keith Richards from childhood to today."
3752,Kevin Hart's Guide to Black History,Variety show,"February 8, 2019",63.0,5.5,English,s4122,Movie,Kevin Hart's Guide to Black History,Tom Stern,"Kevin Hart, Saniyya Sidney, Lil Rel Howery, Eoghan Thomas Murphy, Tiffany Haddish, Al Shearer, Lonnie Chavis, Alphonso Mcauley, Nika Williams, Barry Brewer, Greg Germann, John Ennis, Jay Johnston",United States,"February 8, 2019",2019,TV-PG,63 min,"Children & Family Movies, Comedies",Kevin Hart highlights the fascinating contributions of black history’s unsung heroes in this entertaining – and educational – comedy special.
3839,Klaus,Animation/Christmas/Comedy/Adventure,"November 15, 2019",97.0,8.2,English,s3274,Movie,Klaus,Sergio Pablos,"Jason Schwartzman, J.K. Simmons, Rashida Jones, Will Sasso, Neda Margrethe Labba, Sergio Pablos, Norm Macdonald, Joan Cusack","Spain, United Kingdom","November 15, 2019",2019,PG,98 min,"Children & Family Movies, Comedies","A selfish postman and a reclusive toymaker form an unlikely friendship, delivering joy to a cold, dark town that desperately needs it."
4002,Layla Majnun,Romantic drama,"February 11, 2021",119.0,6.4,Indonesian,s1324,Movie,Layla Majnun,Monty Tiwa,"Reza Rahadian, Acha Septriasa, Baim Wong, Beby Tsabina, Dian Nitami, Uli Herdinansyah, Natasha Rizki, Eriska Rein, Landung Simatupang, August Melasz, Chantiq Schagerl, Cut Ashifa, Aida Cabiyeva, Murad Ismayil, Nadya Arina, Augie Fantinus, Angelia Livie, Ernanto Kusumo",Indonesia,"February 11, 2021",2020,TV-14,119 min,"Dramas, International Movies, Romantic Movies","While in Azerbaijan, Layla, an Indonesian scholar, falls for Samir, an admirer of her work — but her arranged marriage stands in the way."
4086,Like Father,Comedy,"August 3, 2018",103.0,6.1,English,s4719,Movie,Like Father,Lauren Miller Rogen,"Kristen Bell, Kelsey Grammer, Seth Rogen, Paul W. Downs, Zach Appelman, Leonard Ouzts, Blaire Brooks, Anthony Laciura, Mary Looram, Brett Gelman",United States,"August 3, 2018",2018,TV-MA,104 min,"Comedies, Dramas","After she's left at the altar, a workaholic advertising executive ends up on her Caribbean honeymoon cruise with her estranged father."
4113,Little Miss Sumo,Documentary,"October 28, 2019",19.0,6.7,Japanese,s3367,Movie,Little Miss Sumo,Matt Kay,Hiyori Kon,United Kingdom,"October 28, 2019",2018,TV-G,20 min,"Documentaries, International Movies, Sports Movies","In an ancient sport traditionally reserved for men, 20-year-old female sumo prodigy Hiyori attempts to revolutionize Japan’s national pastime."
4173,"Lorena, Light-Footed Woman",Documentary,"November 20, 2019",28.0,7.0,Spanish,s3254,Movie,"Lorena, Light-Footed Woman",Juan Carlos Rulfo,Lorena Ramírez,Mexico,"November 20, 2019",2019,TV-G,28 min,"Documentaries, International Movies, Sports Movies",Lorena Ramírez of Mexico's Rarámuri community lives a pastoral life – except when she straps on her sandals to compete as an ultramarathon runner.
4177,Los Tigres del Norte at Folsom Prison,Documentary,"September 15, 2019",64.0,7.0,Spanish,s3514,Movie,Los Tigres del Norte at Folsom Prison,Tom Donahue,Los Tigres del Norte,United States,"September 15, 2019",2019,TV-PG,64 min,"Documentaries, International Movies, Music & Musicals",The beloved norteño band Los Tigres del Norte performs for the inmates of Folsom Prison on the 50th anniversary of Johnny Cash's iconic concert.
4272,Ludo,Anthology/Dark comedy,"November 12, 2020",149.0,7.6,Hindi,s1713,Movie,Ludo,Anurag Basu,"Abhishek Bachchan, Aditya Roy Kapur, Rajkummar Rao, Sanya Malhotra, Fatima Sana Shaikh, Pankaj Tripathi, Rohit Saraf, Shalini Vatsa, Pearle Maaney",India,"November 12, 2020",2020,TV-MA,150 min,"Comedies, Dramas, International Movies","From a resurfaced sex tape to a rogue suitcase of money, four wildly different stories overlap at the whims of fate, chance and one eccentric criminal."
4285,Lust Stories,Drama,"June 15, 2018",120.0,6.5,Hindi,s4826,Movie,Lust Stories,"Zoya Akhtar, Karan Johar, Anurag Kashyap, Dibakar Banerjee","Vicky Kaushal, Bhumi Pednekar, Radhika Apte, Neha Dhupia, Manisha Koirala, Akash Thosar, Randeep Jha, Neil Bhoopalam, Jaideep Ahlawat, Sanjay Kapoor, Kiara Advani",India,"June 15, 2018",2018,TV-MA,121 min,"Comedies, Dramas, International Movies","In the companion to 2013's ""Bombay Talkies,"" four short films by four of India's biggest directors explore love, sex and relationships in modern India."
4319,Madame Claude,Drama,"April 2, 2021",112.0,5.4,French,s1111,Movie,Madame Claude,Sylvie Verheyde,"Karole Rocher, Garance Marillier, Roschdy Zem, Pierre Deladonchamps, Liah O'Prey, Paul Hamy, Mylène Jampanoï, Hafsia Herzi, Regina Anikiy, Annabelle Belmondo, Joséphine de La Baume",France,"April 2, 2021",2021,TV-MA,113 min,"Dramas, International Movies","In 1960s Paris, Madame Claude's influence extends beyond the world of sex work — until an affluent young woman threatens to change everything."
4436,Marriage Story,Drama,"December 6, 2019",136.0,7.9,English,s3170,Movie,Marriage Story,Noah Baumbach,"Scarlett Johansson, Adam Driver, Laura Dern, Alan Alda, Ray Liotta, Julie Hagerty, Merritt Wever, Azhy Robertson","United Kingdom, United States","December 6, 2019",2019,R,137 min,Dramas,Academy Award-nominated filmmaker Noah Baumbach directs this incisive and compassionate look at a marriage coming apart and a family staying together.
4474,Maska,Romantic comedy,"March 27, 2020",111.0,5.9,Hindi,s2767,Movie,Maska,Neeraj Udhwani,"Manisha Koirala, Prit Kamani, Shirley Setia, Nikita Dutta, Javed Jaffrey, Dhruv Lohumi",India,"March 27, 2020",2020,TV-MA,112 min,"Comedies, Dramas, International Movies","Determined to make it in showbiz, an aspiring young actor considers turning his back on the beloved Irani café run by his family for generations."
4600,Milestone,Drama,"May 7, 2021",98.0,6.6,Hindi,s910,Movie,Milestone,Ivan Ayr,"Suvinder Vicky, Lakshvir Saran, Mohinder Gujral, Gurinder Makna, Daljeet Singh, Akhilesh Kumar, Gaurika Bhatt, Arun Aseng",India,"May 7, 2021",2021,TV-14,98 min,"Dramas, Independent Movies, International Movies","Recently marking 500,000 kilometers on the road, a newly bereaved trucker faces the threat of losing the job that has come to define him to a new intern."
4637,Miss Americana,Documentary,"January 31, 2020",85.0,7.4,English,s2976,Movie,Miss Americana,Lana Wilson,Taylor Swift,United States,"January 31, 2020",2020,TV-MA,85 min,"Documentaries, Music & Musicals","In this revealing documentary, Taylor Swift embraces her role as a songwriter and performer — and as a woman harnessing the full power of her voice."
4782,Moxie,Drama,"March 3, 2021",111.0,6.7,English,s1242,Movie,Moxie,Amy Poehler,"Hadley Robinson, Lauren Tsai, Patrick Schwarzenegger, Nico Hiraga, Sydney Park, Josephine Langford, Clark Gregg, Josie Totah, Alycia  Pascual-Peña, Anjelika Washington, Charlie Hall, Sabrina Haskett, Ike Barinholtz, Amy Poehler, Marcia Gay Harden",United States,"March 3, 2021",2021,PG-13,112 min,"Comedies, Dramas, Music & Musicals","Inspired by her mom's rebellious past and a confident new friend, a shy 16-year-old publishes an anonymous zine calling out sexism at her school."
4796,Mrs. Serial Killer,Thriller,"May 1, 2020",106.0,4.8,Hindi,s2588,Movie,Mrs. Serial Killer,Shirish Kunder,"Jacqueline Fernandez, Manoj Bajpayee, Mohit Raina, Zayn Marie Khan",India,"May 1, 2020",2020,TV-MA,107 min,"International Movies, Thrillers","When a doctor gets jailed for a string of shocking murders, his loyal wife sets out to commit a copycat crime to prove his innocence."
4825,Murder Mystery,Comedy mystery,"June 14, 2019",97.0,6.0,English,s3754,Movie,Murder Mystery,Kyle Newacheck,"Adam Sandler, Jennifer Aniston, Luke Evans, Gemma Arterton, Adeel Akhtar, Luis Gerardo Méndez, Dany Boon, Terence Stamp",United States,"June 14, 2019",2019,PG-13,98 min,Comedies,"On a long-awaited trip to Europe, a New York City cop and his hairdresser wife scramble to solve a baffling murder aboard a billionaire's yacht."
4835,Mute,Science fiction/Mystery,"February 23, 2018",126.0,5.5,English,s5029,Movie,Mute,Duncan Jones,"Alexander Skarsgård, Paul Rudd, Justin Theroux","United Kingdom, Germany","February 23, 2018",2018,TV-MA,127 min,"Sci-Fi & Fantasy, Thrillers","When his girlfriend vanishes, a mute man ventures into a near-future Berlin's seamy underworld, where his actions speak louder than words."
4843,My Beautiful Broken Brain,Documentary,"March 18, 2016",91.0,7.1,English,s5861,Movie,My Beautiful Broken Brain,"Sophie Robinson, Lotje Sodderland","Sophie Robinson, Lotje Sodderland",United Kingdom,"March 18, 2016",2016,TV-14,84 min,"Documentaries, International Movies","After suffering a stroke at age 34, a woman documents her struggles, setbacks and eventual breakthrough as she relearns to speak, read and write."
4890,My Own Man,Documentary,"December 13, 2014",81.0,6.4,English,s5917,Movie,My Own Man,David Sampliner,David Sampliner,United States,"March 6, 2015",2015,TV-MA,82 min,Documentaries,"When a man discovers he will be the father to a boy, his fear and insecurities send him on an emotional, humorous quest for his own manhood."
5053,Night in Paradise,Drama,"April 9, 2021",132.0,6.7,Korean,s1086,Movie,Night in Paradise,Park Hoon-jung,"Um Tae-goo, Jeon Yeo-been, Cha Seoung-won, Lee Ki-young, Park Ho-san",South Korea,"April 9, 2021",2021,TV-MA,132 min,"Dramas, International Movies","Hiding out in Jeju Island following a brutal tragedy, a wronged mobster with a target on his back connects with a woman who has her own demons."
5109,Notes for My Son,Drama,"November 24, 2020",83.0,6.3,Spanish,s1658,Movie,Notes for My Son,Carlos Sorín,"Valeria Bertuccelli, Esteban Lamothe, Julián Sorín, Mauricio Dayub, Malena Pichot, Catarina Spinetta, Carla Quevedo, Anita Pauls, Mónica Antonópulos, Paola Barrientos, Ana Katz, Romina Richi, Diego Gentile, Beatriz Spelzini, Diego Reinhold",Argentina,"November 24, 2020",2020,TV-MA,84 min,"Dramas, International Movies","Battling terminal cancer, a woman writes a one of a kind notebook about life, death and love for her son to remember her by. Based on a true story."
5147,Octonauts & the Great Barrier Reef,Animation,"October 13, 2020",47.0,7.3,English,s1860,Movie,Octonauts & the Great Barrier Reef,Blair Simmons,"Simon Greenall, Rob Rackstraw, Jo Wyatt, Paul Buckley, Simon Foster, Teresa Gallagher, Richard Grieve, Michael Murphy, Paul Panting, Keith Wickham",United Kingdom,"October 13, 2020",2020,TV-Y,47 min,Children & Family Movies,"In this musical special, the Octonauts must find a way to hold back hungry swarms of coral-eating starfish to save a new friend’s fragile reef home."
5157,Offering to the Storm,Thriller,"July 24, 2020",139.0,6.2,Spanish,s2211,Movie,Offering to the Storm,Fernando González Molina,"Marta Etura, Leonardo Sbaraglia, Carlos Librado ""Nene"", Francesc Orella, Imanol Arias, Álvaro Cervantes, Itziar Aizpuru, Benn Northover, Marta Larralde, Alicia Sánchez, Eduardo Rosa, Angel Alkain, Ana Wagener, Paco Tous, Patricia López Arnaiz, Pedro Casablanc","Spain, Germany","July 24, 2020",2020,TV-MA,140 min,"International Movies, Thrillers","Amaia investigates several suspicious infant deaths and horrific rituals. Meanwhile, people around her risk grave danger. Part 3 in the Baztan Trilogy."
5180,Okja,Action-adventure,"June 28, 2017",121.0,7.3,English/Korean,s5416,Movie,Okja,Bong Joon Ho,"Tilda Swinton, Jake Gyllenhaal, An Seo Hyun, Paul Dano, Steven Yeun, Byun Heebong, Lily Collins, Yoon Je Moon, Shirley Henderson, Daniel Henshall, Devon Bostick, Woo Shik Choi, Giancarlo Esposito","South Korea, United States","June 28, 2017",2017,TV-MA,121 min,"Action & Adventure, Comedies, Dramas","A gentle giant and the girl who raised her are caught in the crossfire between animal activism, corporate greed and scientific ethics."
5248,One-Way to Tomorrow,Romance,"June 19, 2020",90.0,5.6,Turkish,s2361,Movie,One-Way to Tomorrow,Ozan Açıktan,"Dilan Çiçek Deniz, Metin Akdülger",Turkey,"June 19, 2020",2020,TV-MA,90 min,"Dramas, International Movies, Romantic Movies","Two strangers cross paths on a train en route to Izmir, bonding over their turbulent — and unexpectedly intertwined — romantic pasts."
5308,Outlaw King,Historical-epic,"November 9, 2018",121.0,6.9,English,s4405,Movie,Outlaw King,David Mackenzie,"Chris Pine, Aaron Taylor-Johnson, Florence Pugh, Billy Howle, Sam Spruell, Tony Curran, Callan Mulvey, James Cosmo, Stephen Dillane","United Kingdom, United States","November 9, 2018",2018,R,122 min,"Action & Adventure, Dramas","In 14th-century Scotland, Robert the Bruce claims the crown and leads a fierce uprising to win back the country's independence from English rule."
5311,Outside the Wire,Action/Science fiction,"January 15, 2021",114.0,5.4,English,s1406,Movie,Outside the Wire,Mikael Håfström,"Anthony Mackie, Damson Idris, Emily Beecham, Michael Kelly, Pilou Asbæk","Hungary, United States","January 15, 2021",2021,R,116 min,Action & Adventure,"In the near future, a drone pilot sent into a war zone finds himself paired with a top-secret android officer on a mission to stop a nuclear attack."
5376,Paradox,Musical/Western/Fantasy,"March 23, 2018",73.0,3.9,English,s4973,Movie,Paradox,Daryl Hannah,"Neil Young, Lukas Nelson, Micah Nelson, Corey McCormick, Anthony Logerfo, Tato",United States,"March 23, 2018",2018,TV-MA,74 min,"Dramas, Independent Movies, Music & Musicals",Neil Young and his band of outlaws sow seeds of strange mischief and musical wonder under Western skies in this dreamlike film by Daryl Hannah.
5389,Paris Is Us,Romance drama,"February 22, 2019",83.0,4.6,French,s4088,Movie,Paris Is Us,Elisabeth Vogler,"Noémie Schmidt, Grégoire Isvarine, Marie Mottet, Lou Castel, Mathias Minne, Margaux Bonin, Julia Kouakou, Alexandre Schreiber, Schemci Lauth, Theo Tagand, Clément Olivieri, Doria Achour",France,"February 22, 2019",2019,TV-MA,84 min,"Dramas, Independent Movies, International Movies","Amid a turbulent romance and rising tensions in Paris, a young woman finds herself caught in a dizzying spiral of dreams, memories and what-ifs."
5422,Pee-wee's Big Holiday,Adventure,"March 18, 2016",89.0,6.1,English,s5862,Movie,Pee-wee's Big Holiday,John Lee,"Paul Reubens, Joe Manganiello, Jessica Pohly, Alia Shawkat, Stephanie Beatriz, Brad William Henke, Hal Landon Jr., Diane Salinger, Patrick Egan, Tara Buck, Richard Riehle",United States,"March 18, 2016",2016,TV-PG,90 min,"Children & Family Movies, Comedies, Cult Movies",A chance encounter with a mysterious stranger (Joe Manganiello) points Pee-wee toward his destiny – and his first-ever holiday!
5474,Pieces of a Woman,Drama,"January 7, 2021",126.0,7.1,English,s1436,Movie,Pieces of a Woman,Kornél Mundruczó,"Vanessa Kirby, Shia LaBeouf, Ellen Burstyn, Molly Parker, Sarah Snook, Iliza Shlesinger, Benny Safdie, Jimmie Fails","Canada, Hungary, United States","January 7, 2021",2020,R,128 min,Dramas,"A heartbreaking home birth leaves a woman grappling with the profound emotional fallout, isolated from her partner and family by a chasm of grief."
5606,Private Life,Drama,"October 5, 2018",124.0,7.2,English,s4534,Movie,Private Life,Tamara Jenkins,"Paul Giamatti, Kathryn Hahn, Kayli Carter, Molly Shannon, John Carroll Lynch, Denis O'Hare, Desmin Borges, Tracee Chimo, Siobhan Fallon Hogan, Emily Robinson",United States,"October 5, 2018",2018,R,124 min,"Comedies, Dramas, Independent Movies","Struggling to conceive, a couple in their 40s are almost out of options – until a sliver of hope arrives in the form of their visiting step-niece."
5616,Project Power,Superhero,"August 14, 2020",113.0,6.0,English,s2133,Movie,Project Power,"Henry Joost, Ariel Schulman","Jamie Foxx, Joseph Gordon-Levitt, Dominique Fishback, Rodrigo Santoro, Courtney B. Vance, Amy Landecker, Machine Gun Kelly, Tait Fletcher, Allen Maldonado, Andrene Ward-Hammond",United States,"August 14, 2020",2020,R,113 min,Action & Adventure,"An ex-soldier, a teen and a cop collide in New Orleans as they hunt for the source behind a dangerous new pill that grants users temporary superpowers."
5675,Quincy,Documentary,"September 21, 2018",124.0,7.6,English,s4631,Movie,Quincy,"Rashida Jones, Alan Hicks",Quincy Jones,United States,"September 21, 2018",2018,TV-MA,124 min,"Documentaries, Music & Musicals","This documentary profiles music and culture icon Quincy Jones, offering unprecedented access to his private life and stories from his unparalleled career."
5688,Raat Akeli Hai,Thriller,"July 31, 2020",149.0,7.3,Hindi,s2187,Movie,Raat Akeli Hai,Honey Trehan,"Nawazuddin Siddiqui, Radhika Apte, Khalid Tyabji, Aditya Srivastava, Padmavati Rao, Shivani Raghuvanshi, Nishant Dahiya, Shweta Tripathi, Gyanendra Tripathi, Shreedhar Dubey, Swanand Kirkire, Riya Shukla, Tigmanshu Dhulia, Ila Arun, Natasha Rastogi",India,"July 31, 2020",2020,TV-MA,150 min,"Dramas, International Movies, Thrillers","When a newly married landlord is murdered, a misfit cop’s investigation is complicated by the victim’s secretive family and his own conflicted heart."
5723,Rajma Chawal,Comedy-drama,"November 30, 2018",118.0,5.8,Hindi,s4359,Movie,Rajma Chawal,Leena Yadav,"Rishi Kapoor, Anirudh Tanwar, Amyra Dastur, Jitendra Shastri, Aparshakti Khurana, Harish Khanna, Manu Rishi Chadha, Nirmal Rishi, Sheeba Chaddha, Adil Hussain, Rahul Ram, Mukesh Chhabra",India,"November 30, 2018",2018,TV-MA,119 min,"Comedies, Dramas, International Movies","Hoping to revive his relationship with his resentful millennial son, an internet-rookie widower assumes the online persona of a young woman."
5730,"Ram Dass, Going Home",Documentary,"April 6, 2018",31.0,7.1,English,s4938,Movie,"Ram Dass, Going Home",Derek Peck,Ram Dass,United States,"April 6, 2018",2018,TV-14,32 min,"Documentaries, Faith & Spirituality","From his home on Maui, pioneering researcher, author and spiritual teacher Ram Dass reflects on love, life and death as his own days draw to a close."
5763,ReMastered: The Two Killings of Sam Cooke,Documentary,"February 8, 2019",64.0,7.3,English,s4124,Movie,ReMastered: The Two Killings of Sam Cooke,Kelly Duane de la Vega,Sam Cooke,United States,"February 8, 2019",2019,TV-MA,74 min,"Documentaries, Music & Musicals","While Sam Cooke rose to stardom as a soul singer, his outspoken views on civil rights drew attention that may have contributed to his death at age 33."
5777,Rebecca,Romantic thriller,"October 21, 2020",123.0,6.0,English,s1815,Movie,Rebecca,Ben Wheatley,"Lily James, Armie Hammer, Kristin Scott Thomas, Keeley Hawes, Ann Dowd, Sam Riley, Tom Goodman-Hill, Mark Lewis Jones, John Hollingworth, Bill Paterson",United Kingdom,"October 21, 2020",2020,PG-13,123 min,"Dramas, Romantic Movies, Thrillers","A young newlywed moves to her husband's imposing estate, where she must contend with his sinister housekeeper and the haunting shadow of his late wife."
5863,Ride or Die,Psychological thriller drama,"April 15, 2021",142.0,5.5,Japanese,s1051,Movie,Ride or Die,Ryuichi Hiroki,"Kiko Mizuhara, Honami Sato, Yoko Maki, Anne Suzuki, Tetsushi Tanaka, Sara Minami, Yui Uemura, Shinya Niiro, Shunsuke Tanaka, Setsuko Karasuma",Japan,"April 15, 2021",2021,TV-MA,143 min,"Dramas, International Movies, LGBTQ Movies","Rei helps the woman she’s been in love with for years escape her abusive husband. While on the run, their feelings for each other catch fire."
5903,Rocko's Modern Life: Static Cling,Animation / Comedy,"August 9, 2019",45.0,7.0,English,s3604,Movie,Rocko's Modern Life: Static Cling,"Joe Murray, Cosmo Segurson","Carlos Alazraqui, Tom Kenny, Charlie Adler, Jill Talley, Mr. Lawrence, Joe Murray",United States,"August 9, 2019",2019,TV-Y7,46 min,"Children & Family Movies, Comedies, LGBTQ Movies","After 20 years in space, Rocko struggles to adjust to life in 21st century O-Town and makes it his mission to get his favorite show back on the air."
5912,Rodney King,One-man show,"April 28, 2017",52.0,5.8,English,s5512,Movie,Rodney King,Spike Lee,Roger Guenveur Smith,United States,"April 28, 2017",2017,TV-MA,53 min,Dramas,Roger Guenveur Smith gives voice to the man at the center of the brutal police beating that helped fuel the 1992 LA riots. Spike Lee directs.
5914,Rogue City,Crime drama,"October 30, 2020",116.0,6.1,French,s1781,Movie,Rogue City,Olivier Marchal,"Lannick Gautry, Stanislas Merhar, Kaaris, David Belle, Jean Reno, Claudia Cardinale, Gérard Lanvin, Patrick Catalifo, Moussa Maaskri, Catherine Marchal",France,"October 30, 2020",2020,TV-MA,116 min,"Dramas, International Movies, Thrillers","Caught in the crosshairs of police corruption and Marseille’s warring gangs, a loyal cop must protect his squad by taking matters into his own hands."
5946,Rose Island,Comedy,"December 9, 2020",117.0,7.0,Italian,s1572,Movie,Rose Island,Sydney Sibilia,"Elio Germano, Matilda De Angelis, Tom Wlaschiha, Luca Zingaretti, Fabrizio Bentivoglio, Leonardo Lidi, François Cluzet",Italy,"December 9, 2020",2020,TV-14,119 min,"Comedies, Dramas, International Movies","An idealistic engineer builds his own island off the coast of Italy and declares it a nation, drawing the attention of the world — and the government."
6056,Sand Castle,War,"April 21, 2017",113.0,6.3,English,s5523,Movie,Sand Castle,Fernando Coimbra,"Nicholas Hoult, Logan Marshall-Green, Henry Cavill, Glen Powell, Neil Brown Jr., Beau Knapp, Sammy Sheik, Gonzalo Menendez",United States,"April 21, 2017",2017,TV-MA,113 min,"Action & Adventure, Dramas, Independent Movies","After the invasion of Iraq in 2003, a reluctant soldier's platoon is dispatched on a dangerous mission to repair a hostile village's water system."
6058,Sandy Wexler,Comedy,"April 14, 2017",131.0,5.2,English,s5534,Movie,Sandy Wexler,Steven Brill,"Adam Sandler, Jennifer Hudson, Kevin James, Terry Crews, Rob Schneider, Colin Quinn, Nick Swardson, Lamorne Morris, Arsenio Hall, Jamie Gray Hyder",United States,"April 14, 2017",2017,TV-14,131 min,Comedies,"When a hapless but dedicated talent manager signs his first client who actually has talent, his career finally starts to take off."
6072,Sarah Cooper: Everything's Fine,Variety show,"October 27, 2020",49.0,5.6,English,s1794,Movie,Sarah Cooper: Everything's Fine,Natasha Lyonne,"Sarah Cooper, Fred Armisen, Maya Rudolph, Ben Stiller, Megan Thee Stallion, Jane Lynch, Jon Hamm, Aubrey Plaza, Connie Chung, Jordan Black, Tommy Davidson, Helen Mirren, Jonathan Van Ness, Danielle Brooks, Winona Ryder, Marcella Arguello, Eddie Pepitone, Marisa Tomei, Whoopi Goldberg, Tom Kane",United States,"October 27, 2020",2020,TV-MA,50 min,Comedies,"Comedian and Trump lip-synching sensation Sarah Cooper tackles politics, race and other light topics in a sketch special packed with celebrity guests."
6079,Sardar Ka Grandson,Comedy,"May 18, 2021",139.0,4.1,Hindi,s872,Movie,Sardar Ka Grandson,Kaashvie Nair,"Arjun Kapoor, Neena Gupta, Rakul Preet Singh, Kumud Mishra, Aditi Rao Hydari, John Abraham, Kanwaljeet Singh, Soni Razdan, Masood Akhtar, Divya Seth, Ravjeet Singh, Akashdeep Sabir",India,"May 18, 2021",2021,TV-14,140 min,"Comedies, Dramas, International Movies","A devoted grandson’s mission to reunite his ailing grandmother with her ancestral home turns into a complicated, comic cross-border affair."
6103,Saving Capitalism,Documentary,"November 21, 2017",73.0,6.8,English,s5163,Movie,Saving Capitalism,Jacob Kornbluth,Robert Reich,United States,"November 21, 2017",2017,TV-PG,73 min,Documentaries,Former Secretary of Labor Robert Reich meets with Americans from all walks of life as he chronicles a seismic shift in the nation's economy.
6151,Secret Obsession,Thriller,"July 18, 2019",97.0,4.4,English,s3658,Movie,Secret Obsession,Peter Sullivan,"Brenda Song, Mike Vogel, Dennis Haysbert, Ashley Scott, Paul Sloan, Daniel Booko",United States,"July 18, 2019",2019,TV-14,98 min,Thrillers,"When Jennifer wakes up with amnesia after a traumatic attack, her doting husband cares for her. But she soon realizes the danger is far from over."
6186,Sentinelle,Action,"March 5, 2021",80.0,4.7,French,s1237,Movie,Sentinelle,Julien Leclercq,"Olga Kurylenko, Marilyn Lima, Michel Nabokoff, Martin Swabey, Carole Weyers, Andrey Gorlenko, Antonia Malinova, Gabriel Almaer, Blaise Afonso, Guillaume Duhesme, Michel Biel",France,"March 5, 2021",2021,TV-MA,81 min,"Action & Adventure, Dramas, International Movies","Transferred home after a traumatizing combat mission, a highly trained French soldier uses her lethal skills to hunt down the man who hurt her sister."
6190,Sergio,Biopic,"April 17, 2020",118.0,6.1,English,s2673,Movie,Sergio,Greg Barker,"Wagner Moura, Ana de Armas, Brían F. O'Byrne, Clemens Schick, Bradley Whitford",United States,"April 17, 2020",2020,R,119 min,"Dramas, Independent Movies","Passions, ideals and bitter realities collide as charismatic UN diplomat Sergio Vieira de Mello becomes trapped in a life-threatening situation in Iraq."
6253,Shawn Mendes: In Wonder,Documentary,"November 23, 2020",83.0,6.6,English,s1661,Movie,Shawn Mendes: In Wonder,Grant Singer,Shawn Mendes,United States,"November 23, 2020",2020,TV-MA,83 min,"Documentaries, Music & Musicals","Over the course of a world tour, this unguarded documentary follows Shawn Mendes as he opens up about his stardom, relationships and musical future."
6372,Sky Ladder: The Art of Cai Guo-Qiang,Documentary,"October 14, 2016",79.0,7.3,English/Mandarin,s5755,Movie,Sky Ladder: The Art of Cai Guo-Qiang,Kevin MacDonald,Cai Guo-Qiang,United States,"October 14, 2016",2016,TV-MA,80 min,Documentaries,"Known for his spectacular pyrotechnic displays, Chinese artist Cai Guo-Qiang creates his most ambitious project yet in this breathtaking documentary."
6468,Space Sweepers,Science fiction,"February 5, 2021",136.0,6.6,Korean,s1343,Movie,Space Sweepers,Jo Sung-hee,"Song Joong-ki, Kim Tae-ri, Jin Sun-kyu, Yoo Hai-jin, Richard Armitage, Park Ye-rin",South Korea,"February 5, 2021",2021,TV-MA,138 min,"Action & Adventure, Dramas, International Movies","Chasing after space debris and faraway dreams in year 2092, four misfits unearth explosive secrets during the attempted trade of a wide-eyed humanoid."
6484,Spenser Confidential,Action comedy,"March 6, 2020",111.0,6.2,English,s2837,Movie,Spenser Confidential,Peter Berg,"Mark Wahlberg, Winston Duke, Alan Arkin, Bokeem Woodbine, Iliza Shlesinger, Hope Olaide Wilson, Marc Maron",United States,"March 6, 2020",2020,R,111 min,"Action & Adventure, Comedies","Spenser, an ex-cop and ex-con, teams up with aspiring fighter Hawk to uncover a sinister conspiracy tied to the deaths of two Boston police officers."
6504,Springsteen on Broadway,One-man show,"December 16, 2018",153.0,8.5,English,s4294,Movie,Springsteen on Broadway,Thom Zimny,Bruce Springsteen,United States,"December 16, 2018",2018,TV-MA,153 min,Music & Musicals,Bruce Springsteen shares personal stories from his life and acoustic versions of some of his best-known songs in an intimate one-man show.
6705,TAU,Science fiction/Thriller,"June 29, 2018",97.0,5.8,English,s4813,Movie,TAU,Federico D'Alessandro,"Maika Monroe, Ed Skrein, Gary Oldman",United States,"June 29, 2018",2018,R,98 min,"Sci-Fi & Fantasy, Thrillers","Kidnapped by an inventor who uses her as a test subject to perfect his robotic AI, a street-smart young woman tries to escape her high-tech prison."
6724,Take the 10,Comedy,"January 20, 2017",80.0,4.8,English,s5631,Movie,Take the 10,Chester Tam,"Josh Peck, Tony Revolori, Kevin Corrigan, Chester Tam, Andy Samberg, Stella Maeve, Jordan Rock, Carlos Alazraqui, Fred Armisen",United States,"January 20, 2017",2017,TV-MA,80 min,Comedies,Two buddies working dead-end cashier jobs endure a mind-blowing series of events on their quest to get to the hip-hop show of their lives.
6739,Tallulah,Comedy-drama,"July 29, 2016",111.0,6.7,English,s5829,Movie,Tallulah,Sian Heder,"Ellen Page, Allison Janney, Tammy Blanchard, Evan Jonigkeit, Uzo Aduba, John Benjamin Hickey, David Zayas, Zachary Quinto, Fredric Lehne",United States,"July 29, 2016",2016,TV-MA,112 min,"Dramas, Independent Movies","While searching for her ex-boyfriend, a young drifter impulsively kidnaps a baby from a neglectful mother and pretends the child is her own."
6842,The After Party,Comedy,"August 24, 2018",89.0,5.8,English,s4689,Movie,The After Party,Ian Edelman,"Kyle Harvey, Harrison Holzer, Teyana Taylor, Shelley Hennig, Wiz Khalifa, Blair Underwood, Jordan Rock, Amin Joseph, Andy Buckley, Jamie Choi",United States,"August 24, 2018",2018,TV-MA,90 min,"Comedies, Music & Musicals",An aspiring rapper and his best friend/manager have one night to bounce back from embarrassment and make their dreams of hip-hop stardom come true.
6850,The American Meme,Documentary,"December 7, 2018",98.0,6.6,English,s4325,Movie,The American Meme,Bert Marcus,"Paris Hilton, Josh Ostrovsky, Brittany Furlan, Kirill Bichutsky, DJ Khaled, Emily Ratajkowski, Hailey Baldwin",United States,"December 7, 2018",2018,TV-MA,98 min,Documentaries,"Social media stars Paris Hilton, Josh Ostrovsky, Brittany Furlan and Kirill Bichutsky hustle to build online empires – and face the pitfalls of fame."
6860,The App,Science fiction/Drama,"December 26, 2019",79.0,2.6,Italian,s3095,Movie,The App,Elisa Fuksas,"Vincenzo Crea, Jessica Cressy, Greta Scarano, Maya Sansa, Abel Ferrara, Anita Kravos",Italy,"December 26, 2019",2019,TV-MA,79 min,"Dramas, Independent Movies, International Movies","While in Rome to shoot his first movie, actor and industrial heir Nick becomes obsessed with a dating app that sends him into a self-destructive spiral."
6874,The Babysitter,Teen comedy horror,"October 13, 2017",85.0,6.3,English,s5227,Movie,The Babysitter,McG,"Samara Weaving, Hana Mae Lee, Judah Lewis, Robbie Amell, Bella Thorne, Andrew Bachelor, Emily Alyn Lind, Leslie Bibb, Ken Marino",United States,"October 13, 2017",2017,TV-MA,85 min,"Comedies, Horror Movies","When Cole stays up past his bedtime, he discovers that his hot babysitter is part of a satanic cult that will stop at nothing to keep him quiet."
6883,The Ballad of Buster Scruggs,Western,"November 16, 2018",132.0,7.3,English,s4386,Movie,The Ballad of Buster Scruggs,"Joel Coen, Ethan Coen","Liam Neeson, James Franco, Tim Blake Nelson, Tom Waits, Zoe Kazan, Brendan Gleeson",United States,"November 16, 2018",2018,R,133 min,"Comedies, Dramas","Ranging from absurd to profound, these Western vignettes from the Coen brothers follow the adventures of outlaws and settlers on the American frontier."
6913,The Black Godfather,Documentary,"June 7, 2019",118.0,7.4,English,s3772,Movie,The Black Godfather,Reginald Hudlin,"Clarence Avant, Quincy Jones",United States,"June 7, 2019",2019,TV-MA,118 min,"Documentaries, Music & Musicals","This documentary follows the life of Clarence Avant, the ultimate, uncensored mentor and behind-the-scenes rainmaker in music, film, TV and politics."
6948,The Boys in the Band,Drama,"September 30, 2020",121.0,6.8,English,s1932,Movie,The Boys in the Band,Joe Mantello,"Jim Parsons, Zachary Quinto, Matt Bomer, Andrew Rannells, Charlie Carver, Robin de Jesús, Brian Hutchison, Michael Benjamin Washington, Tuc Watkins",United States,"September 30, 2020",2020,R,122 min,"Dramas, LGBTQ Movies","At a birthday party in 1968 New York, a surprise guest and a drunken game leave seven gay friends reckoning with unspoken feelings and buried truths."
6976,The Call,Drama,"November 27, 2020",112.0,4.1,Korean,s1644,Movie,The Call,Lee Chung-hyun,"Park Shin-hye, Jun Jong-seo, Kim Sung-ryoung, EL, Park Ho-san, Oh Jung-se, Lee Dong-hwi, Um Chae-young",South Korea,"November 27, 2020",2020,TV-MA,112 min,"International Movies, Thrillers","Connected by phone in the same home but 20 years apart, a serial killer puts another woman’s past — and life — on the line to change her own fate."
6999,The Christmas Chronicles,Christmas/Fantasy/Adventure/Comedy,"November 22, 2018",104.0,7.0,English,s4370,Movie,The Christmas Chronicles,Clay Kaytis,"Kurt Russell, Darby Camp, Judah Lewis, Kimberly Williams-Paisley, Oliver Hudson, Lamorne Morris, Martin Roach",United States,"November 22, 2018",2018,TV-PG,104 min,"Children & Family Movies, Comedies","After accidentally crashing Santa's sleigh, a brother and sister pull an all-nighter to save Christmas with a savvy, straight-talking St. Nick."
7072,The Decline,Thriller,"March 27, 2020",83.0,5.9,French,s2769,Movie,The Decline,Patrice Laliberté,"Guillaume Laurin, Marie-Evelyne Lessard, Réal Bossé, Marc-André Grondin, Marc Beaupré, Marilyn Castonguay, Guillaume Cyr, Isabelle Giroux, Juliette Maxyme Proulx",Canada,"March 27, 2020",2020,TV-MA,83 min,"Action & Adventure, International Movies",An accident at a remote training camp leaves a group of survivalists bitterly divided — and caught in a brutal fight for their lives.
7091,The Dig,Drama,"January 29, 2021",112.0,7.1,English,s1371,Movie,The Dig,Simon Stone,"Carey Mulligan, Ralph Fiennes, Lily James, Johnny Flynn, Ben Chaplin, Ken Stott",United Kingdom,"January 29, 2021",2021,PG-13,113 min,"Dramas, International Movies","On the eve of World War II, a British widow hires a self-taught archaeologist to dig up mysterious formations on her land, leading to a staggering find."
7098,The Disciple,Drama,"April 30, 2021",129.0,7.2,Marathi,s960,Movie,The Disciple,Chaitanya Tamhane,"Aditya Modak, Arun Dravid, Sumitra Bhave, Deepika Bhide Bhagwat, Kiran Yadnyopavit, Abhishek Kale, Neela Khedkar, Makarand Mukund, Kristy Banerjee, Prasad Vanarse",India,"April 30, 2021",2021,TV-MA,128 min,"Dramas, Independent Movies, International Movies","Self-doubt, sacrifice and struggle converge into an existential crisis for a devoted classical vocalist as the mastery he strives for remains elusive."
7196,The Girl on the Train,Thriller,"February 26, 2021",120.0,4.4,Hindi,s1266,Movie,The Girl on the Train,Ribhu Dasgupta,"Parineeti Chopra, Aditi Rao Hydari, Kirti Kulhari, Avinash Tiwary, Tota Roy Chowdhury",India,"February 26, 2021",2021,TV-MA,120 min,"International Movies, Thrillers",A troubled divorcée fixates on a seemingly ideal couple from afar until a shocking observation sends her spiraling straight into a knotty murder case.
7255,The Highwaymen,Crime drama,"March 29, 2019",131.0,6.9,English,s3967,Movie,The Highwaymen,John Lee Hancock,"Kevin Costner, Woody Harrelson, Kathy Bates, John Carroll Lynch, Thomas Mann, Kim Dickens, W. Earl Brown, William Sadler",United States,"March 29, 2019",2019,R,132 min,Dramas,Two steely former Texas Rangers are tasked with tracking and killing infamous criminals Bonnie and Clyde in this crime drama based on real events.
7294,The Incredible Jessica James,Comedy,"July 28, 2017",83.0,6.5,English,s5369,Movie,The Incredible Jessica James,Jim Strouse,"Jessica Williams, Chris O'Dowd, Lakeith Stanfield, Noël Wells, Taliyah Whitaker, Zabryna Guevara, Sarah Jones, Will Stephen, Susan Heyward, Megan Ketch",United States,"July 28, 2017",2017,TV-MA,84 min,"Comedies, Independent Movies, Romantic Movies","Burned by a bad breakup, a struggling New York City playwright makes an unlikely connection with a divorced app designer she meets on a blind date."
7319,The Irishman,Crime drama,"November 27, 2019",209.0,7.8,English,s3228,Movie,The Irishman,Martin Scorsese,"Robert De Niro, Al Pacino, Joe Pesci, Harvey Keitel, Ray Romano, Bobby Cannavale, Anna Paquin, Stephen Graham, Stephanie Kurtzuba, Kathrine Narducci, Welker White, Jesse Plemons, Jack Huston, Domenick Lombardozzi, Louis Cancelmi, Paul Herman, Gary Basaraba, Marin Ireland, Sebastian Maniscalco, Steven Van Zandt",United States,"November 27, 2019",2019,R,209 min,Dramas,Hit man Frank Sheeran looks back at the secrets he kept as a loyal member of the Bufalino crime family in this acclaimed film from Martin Scorsese.
7344,The King,Historical drama,"November 1, 2019",140.0,7.2,English,s3348,Movie,The King,David Michôd,"Timothée Chalamet, Joel Edgerton, Robert Pattinson, Ben Mendelsohn, Sean Harris, Tom Glynn-Carney, Lily-Rose Depp, Thomasin McKenzie","United Kingdom, Hungary, Australia","November 1, 2019",2019,R,141 min,Dramas,Wayward Prince Hal must turn from carouser to warrior king as he faces hostilities from inside and outside the castle walls in the battle for England.
7351,The Kissing Booth 2,Romantic comedy,"July 24, 2020",131.0,5.8,English,s2214,Movie,The Kissing Booth 2,Vince Marcello,"Joey King, Joel Courtney, Jacob Elordi, Molly Ringwald, Taylor Zakhar Perez, Maisie Richardson-Sellers, Meganne Young","United Kingdom, United States","July 24, 2020",2020,TV-14,133 min,"Comedies, Romantic Movies","With college decisions looming, Elle juggles her long-distance romance with Noah, changing relationship with bestie Lee and feelings for a new classmate."
7364,The Land of Steady Habits,Drama,"September 14, 2018",98.0,6.2,English,s4643,Movie,The Land of Steady Habits,Nicole Holofcener,"Ben Mendelsohn, Edie Falco, Connie Britton, Thomas Mann, Bill Camp, Elizabeth Marvel, Charlie Tahan, Michael Gaston, Josh Pais",United States,"September 14, 2018",2018,TV-MA,98 min,"Comedies, Dramas, Independent Movies","After leaving his wife and his job to find happiness, Anders begins a clumsy, heartbreaking quest to reassemble the pieces of his fractured life."
7375,The Last Days of American Crime,Heist film/Thriller,"June 5, 2020",149.0,3.7,English,s2425,Movie,The Last Days of American Crime,Olivier Megaton,"Edgar Ramírez, Michael Pitt, Anna Brewster, Patrick Bergin, Sharlto Copley, Brandon Auret, Tamer Burjaq, Terence Maynard, James Richard Marshall",United States,"June 5, 2020",2020,TV-MA,149 min,"Action & Adventure, Dramas, Independent Movies","A bank robber joins a plot to commit one final, historic heist before the government turns on a mind-altering signal that will end all criminal behavior."
7388,The Last Paradiso,Romantic drama,"February 5, 2021",107.0,5.6,Italian,s1345,Movie,The Last Paradiso,Rocco Ricciardulli,"Riccardo Scamarcio, Gaia Bermani Amaral, Valentina Cervi, Antonio Gerardi, Federica Torchetti, Anna Maria de Luca, Lucia Zotti, Nicoletta Carbonara, Donato Placido, Mimmo Mignemi",Italy,"February 5, 2021",2020,TV-MA,107 min,"Dramas, International Movies, Romantic Movies","In 1950s Italy, a passionate free spirit dreams of love, justice and a better life till a forbidden affair threatens everything. Based on real events."
7393,The Last Thing He Wanted,Political thriller,"February 21, 2020",115.0,4.3,English,s2898,Movie,The Last Thing He Wanted,Dee Rees,"Anne Hathaway, Ben Affleck, Willem Dafoe, Toby Jones, Rosie Perez, Edi Gathegi, Mel Rodriguez, Onata Aprile",United States,"February 21, 2020",2020,R,116 min,"Dramas, Thrillers",A hard-hitting reporter becomes entangled in the story she’s trying to break when she helps her ailing father broker an arms deal in Central America.
7401,The Legacy of a Whitetail Deer Hunter,Adventure/Comedy,"July 6, 2018",83.0,5.5,English,s4783,Movie,The Legacy of a Whitetail Deer Hunter,Jody Hill,"Josh Brolin, Danny McBride, Montana Jordan, Scoot McNairy, Carrie Coon",United States,"July 6, 2018",2018,TV-14,83 min,"Action & Adventure, Comedies, Dramas",A star of hunting videos strives to bond with his 12-year-old son on a wilderness trip but learns familial connections can't be forced.
7474,The Mars Generation,Documentary,"May 5, 2017",97.0,6.4,English,s5497,Movie,The Mars Generation,Michael Barnett,"Neil deGrasse Tyson, Bill Nye, Michio Kaku",United States,"May 5, 2017",2017,TV-PG,98 min,"Children & Family Movies, Documentaries","Self-professed teenage ""space nerds"" at Space Camp chase their dreams of traveling to Mars, while experts reflect on NASA's history and future."
7494,The Meyerowitz Stories (New and Selected),Comedy-drama,"October 13, 2017",112.0,6.9,English,s5228,Movie,The Meyerowitz Stories (New and Selected),Noah Baumbach,"Adam Sandler, Ben Stiller, Dustin Hoffman, Elizabeth Marvel, Grace Van Patten, Emma Thompson, Candice Bergen, Rebecca Miller, Danny Flaherty, Sakina Jaffrey, Adam David Thompson",United States,"October 13, 2017",2017,TV-MA,113 min,"Comedies, Dramas, Independent Movies",Grudges and rivalries abound as three adult siblings converge in New York to contend with their prickly artist father – and his fading legacy.
7497,The Midnight Sky,Science fiction,"December 23, 2020",118.0,5.6,English,s1500,Movie,The Midnight Sky,George Clooney,"George Clooney, Felicity Jones, Kyle Chandler, Demián Bichir, David Oyelowo, Tiffany Boone, Caoilinn Springall, Sophie Rundle, Ethan Peck",United States,"December 23, 2020",2020,PG-13,119 min,Dramas,"In the aftermath of a global catastrophe, a lone scientist in the Arctic races to contact a crew of astronauts with a warning not to return to Earth."
7549,The Night Comes for Us,Action-thriller,"October 19, 2018",121.0,7.0,Indonesian,s4501,Movie,The Night Comes for Us,Timo Tjahjanto,"Joe Taslim, Iko Uwais, Asha Kenyeri Bermudez, Sunny Pang, Salvita Decorte, Abimana Aryasatya, Zack Lee, Dimas Anggara, Julie Estelle, Dian Sastrowardoyo","Indonesia, United States","October 19, 2018",2018,TV-MA,121 min,"Action & Adventure, International Movies","After sparing a girl's life during a massacre, an elite Triad assassin is targeted by an onslaught of murderous gangsters."
7559,The Occupant,Thriller,"March 25, 2020",103.0,6.4,Spanish,s2782,Movie,The Occupant,"Àlex Pastor, David Pastor","Javier Gutiérrez, Mario Casas, Bruna Cusí, Ruth Díaz",Spain,"March 25, 2020",2020,TV-MA,104 min,"Independent Movies, International Movies, Thrillers",An unemployed advertising executive begins stalking the new tenants of his former home and his motives toward the family turn sinister.
7561,The Old Guard,Superhero/Action,"July 10, 2020",124.0,6.7,English,s2251,Movie,The Old Guard,Gina Prince-Bythewood,"Charlize Theron, KiKi Layne, Marwan Kenzari, Luca Marinelli, Harry Melling, Van Veronica Ngo, Matthias Schoenaerts, Chiwetel Ejiofor",United States,"July 10, 2020",2020,R,126 min,Action & Adventure,Four undying warriors who've secretly protected humanity for centuries become targeted for their mysterious powers just as they discover a new immortal.
7575,The Other One: The Long Strange Trip of Bob Weir,Documentary,"May 22, 2015",83.0,7.3,English,s5913,Movie,The Other One: The Long Strange Trip of Bob Weir,Mike Fleiss,Bob Weir,United States,"May 22, 2015",2015,TV-14,84 min,"Documentaries, Music & Musicals",This chronicle of Bob Weir highlights his brotherhood with Jerry Garcia and his success as a member of one of the world's most influential bands.
7576,The Other Side of the Wind,Drama,"November 2, 2018",122.0,6.8,English,s4419,Movie,The Other Side of the Wind,Orson Welles,"John Huston, Oja Kodar, Peter Bogdanovich, Susan Strasberg, Robert Random, Lilli Palmer, Norman Foster, Edmond O'Brien, Mercedes McCambridge, Cameron Mitchell, Paul Stewart","France, Iran, United States","November 2, 2018",2018,R,122 min,"Classic Movies, Dramas, Independent Movies","On the last day of his life, a legendary director struggles to complete a new project and contemplates his legacy in this layered film by Orson Welles."
7581,The Outsider,Crime drama,"March 9, 2018",120.0,6.3,English/Japanese,s4994,Movie,The Outsider,Martin Zandvliet,"Jared Leto, Tadanobu Asano, Kippei Shiina, Shioli Kutsuna, Emile Hirsch, Raymond Nicholson, Rory Cochrane, Nao Omori, Min Tanaka",United States,"March 9, 2018",2018,TV-MA,121 min,"Dramas, Thrillers","An American soldier imprisoned in postwar Japan enters the dark world of the yakuza, adopting their way of life in repayment for his freedom."
7636,The Prom,Musical,"December 11, 2020",132.0,5.9,English,s1561,Movie,The Prom,Ryan Murphy,"Meryl Streep, James Corden, Nicole Kidman, Kerry Washington, Andrew Rannells, Keegan-Michael Key, Jo Ellen Pellman, Ariana DeBose, Mary Kay Place, Kevin Chamberlin, Tracey Ullman, Logan Riley, Sofia Deler, Nico Greetham, Nathaniel J. Potvin",United States,"December 11, 2020",2020,PG-13,132 min,"Comedies, LGBTQ Movies, Music & Musicals",A group of down-on-their-luck Broadway stars shake up a small Indiana town as they rally behind a teen who just wants to attend prom with her girlfriend.
7662,The Red Sea Diving Resort,Spy thriller,"July 31, 2019",130.0,6.6,English,s3635,Movie,The Red Sea Diving Resort,Gideon Raff,"Chris Evans, Michael Kenneth Williams, Haley Bennett, Alessandro Nivola, Michiel Huisman, Alex Hassell, Mark Ivanir, Chris Chalk, Greg Kinnear, Ben Kingsley",Canada,"July 31, 2019",2019,TV-MA,130 min,"Dramas, Thrillers",Undercover agents open up a fake hotel to real tourists as a cover to help smuggle thousands of Ethiopian refugees to safety. Inspired by true events.
7674,The Ridiculous 6,Western,"December 11, 2015",119.0,4.8,English,s5880,Movie,The Ridiculous 6,Frank Coraci,"Adam Sandler, Terry Crews, Jorge Garcia, Taylor Lautner, Rob Schneider, Luke Wilson, Will Forte, Steve Zahn, Harvey Keitel, Nick Nolte, Jon Lovitz, Whitney Cummings, David Spade, Danny Trejo, Nick Swardson, Blake Shelton, Vanilla Ice, Julia Jones, Saginaw Grant, Lavell Crawford, Steve Buscemi",United States,"December 11, 2015",2015,TV-14,120 min,"Action & Adventure, Comedies","When his outlaw dad is kidnapped, Tommy “White Knife” Stockburn sets off across the West on a rescue mission with five brothers he never knew he had."
7737,The Sleepover,Comedy,"August 21, 2020",103.0,5.6,English,s2108,Movie,The Sleepover,Trish Sie,"Sadie Stanley, Maxwell Simkins, Ken Marino, Malin Akerman, Cree Cicchino, Lucas Jaye, Karla Souza, Enuka Okuma, Erik Griffin, Joe Manganiello",United States,"August 21, 2020",2020,TV-PG,104 min,"Action & Adventure, Children & Family Movies, Comedies",What do you do if your parents are kidnapped by a crew of international thieves? You begin a wild overnight adventure — complete with spy gear.
7813,The Trial of the Chicago 7,Drama,"October 16, 2020",130.0,7.8,English,s1843,Movie,The Trial of the Chicago 7,Aaron Sorkin,"Sacha Baron Cohen, Eddie Redmayne, Yahya Abdul-Mateen II, Jeremy Strong, Mark Rylance, Joseph Gordon-Levitt, Michael Keaton, Frank Langella, John Carroll Lynch, Alex Sharp, John Doman, Ben Shenkman","United States, United Kingdom, India","October 16, 2020",2020,R,130 min,Dramas,What was supposed to be a peaceful protest turned into a violent clash with the police. What followed was one of the most notorious trials in history.
7832,The Two Popes,Drama,"December 20, 2019",125.0,7.6,English,s3117,Movie,The Two Popes,Fernando Meirelles,"Anthony Hopkins, Jonathan Pryce, Juan Minujín","United Kingdom, Italy","December 20, 2019",2019,PG-13,126 min,Dramas,"At a key turning point for the Catholic Church, Pope Benedict XVI forms a surprising friendship with the future Pope Francis. Inspired by true events."
7880,The Week Of,Comedy,"April 27, 2018",116.0,5.2,English,s4913,Movie,The Week Of,Robert Smigel,"Adam Sandler, Chris Rock, Steve Buscemi, Rachel Dratch, Allison Strong, Roland Buck III, Katie Hartman, Chloe Himmelman, Jake Lippmann, Jim Barone, June Gable",United States,"April 27, 2018",2018,TV-14,117 min,Comedies,Two fathers with clashing views about their children's upcoming wedding struggle to keep it together during the chaotic week before the big day.
7883,The White Tiger,Drama,"January 22, 2021",125.0,7.1,English,s1389,Movie,The White Tiger,Ramin Bahrani,"Adarsh Gourav, Rajkummar Rao, Priyanka Chopra Jonas, Mahesh Manjrekar, Vijay Maurya","India, United States","January 22, 2021",2021,R,127 min,Dramas,The ambitious driver for a rich Indian family uses his wit and cunning to escape from poverty and become an entrepreneur. Based on the bestselling novel.
7917,The Wrong Missy,Comedy,"May 13, 2020",90.0,5.7,English,s2541,Movie,The Wrong Missy,Tyler Spindel,"David Spade, Lauren Lapkus, Nick Swardson, Geoff Pierson, Jackie Sandler, Sarah Chalke, Rob Schneider, Chris Witaske, Joe Anoa'i, Molly Sims",United States,"May 13, 2020",2020,TV-MA,90 min,"Comedies, Romantic Movies","Tim thinks he's invited the woman of his dreams on a work retreat to Hawaii, realizing too late he mistakenly texted someone from a nightmare blind date."
7983,Thunder Force,Superhero-Comedy,"April 9, 2021",105.0,4.4,English,s1089,Movie,Thunder Force,Ben Falcone,"Melissa McCarthy, Octavia Spencer, Jason Bateman, Bobby Cannavale, Pom Klementieff, Melissa Leo, Taylor Mosby, Marcella Lowery, Melissa Ponzio",United States,"April 9, 2021",2021,PG-13,107 min,"Action & Adventure, Comedies",Two childhood best friends reunite as an unlikely crime-fighting superhero duo when one invents a formula that gives ordinary people superpowers.
8012,Time to Hunt,Thriller,"April 23, 2020",134.0,6.3,Korean,s2651,Movie,Time to Hunt,Yoon Sung-hyun,"Lee Je-hoon, Ahn Jae-hong, Choi Woo-shik, Park Jeong-min, Park Hae-soo",South Korea,"April 23, 2020",2020,TV-MA,135 min,"International Movies, Thrillers","Wanting to leave their dystopian world behind for a faraway paradise, three outlaws plot a money heist — and draw the attention of a vicious killer."
8066,Tony Robbins: I Am Not Your Guru,Documentary,July 15. 2016,116.0,6.7,English,s5832,Movie,Tony Robbins: I Am Not Your Guru,Joe Berlinger,Tony Robbins,United States,"July 15, 2016",2016,TV-MA,117 min,Documentaries,Tony Robbins' clients swear by his unorthodox life coaching methods. A revealing film goes behind the curtain at his annual mega-event.
8111,Tramps,Romance,"April 21, 2017",83.0,6.5,English,s5525,Movie,Tramps,Adam Leon,"Callum Turner, Grace Van Patten, Michal Vondel, Mike Birbiglia, Margaret Colin, Louis Cancelmi, Rachel Zeiger-Haag, Dane Martinez",United States,"April 21, 2017",2017,TV-MA,83 min,"Dramas, Independent Movies, Romantic Movies","Pulled into a shady briefcase swap for different reasons, young strangers Danny and Ellie spend an eventful night together when the deal goes wrong."
8128,Travis Scott: Look Mom I Can Fly,Documentary,"August 28, 2019",85.0,6.3,English,s3558,Movie,Travis Scott: Look Mom I Can Fly,White Trash Tyler,Travis Scott,United States,"August 28, 2019",2019,TV-MA,85 min,"Documentaries, Music & Musicals","While crafting his Grammy-nominated album ""Astroworld,"" Travis Scott juggles controversy, fatherhood and career highs in this intimate documentary."
8158,Triple Frontier,Action-thriller,"March 13, 2019",125.0,6.4,English,s4025,Movie,Triple Frontier,J.C. Chandor,"Ben Affleck, Oscar Isaac, Charlie Hunnam, Pedro Pascal, Garrett Hedlund, Adria Arjona",United States,"March 13, 2019",2019,R,126 min,Action & Adventure,"Loyalties are tested when five former special forces operatives reunite to steal a drug lord's fortune, unleashing a chain of unintended consequences."
8174,True Memoirs of an International Assassin,Action comedy,"November 11, 2016",98.0,5.9,English,s5720,Movie,True Memoirs of an International Assassin,Jeff Wadlow,"Kevin James, Andy Garcia, Zulay Henao, Maurice Compte, Kelen Coleman, Andrew Howard, Rob Riggle, Leonard Earl Howze, Yul Vazquez, Kim Coates, Daniel Zacapa, Ron Rifkin, Jeff Chase",United States,"November 11, 2016",2016,TV-14,98 min,"Action & Adventure, Comedies","After his publisher markets his crime novel as a memoir, a novice author finds himself forcibly recruited into a deadly political plot in Venezuela."
8263,Uncorked,Drama,"March 27, 2020",103.0,6.3,English,s2772,Movie,Uncorked,Prentice Penny,"Mamoudou Athie, Courtney B. Vance, Niecy Nash, Sasha Compère, Bernard D. Jones, Gil Ozeri, Matt McGorry, Meera Rohit Kumbhani",United States,"March 27, 2020",2020,TV-MA,104 min,"Dramas, Independent Movies",A young man feels torn between his dream of becoming a master sommelier and his father’s expectations that he’ll take over the family barbecue business.
8322,Upstarts,Drama,"October 18, 2019",112.0,6.7,Hindi,s3413,Movie,Upstarts,Udai Singh Pawar,"Priyanshu Painyuli, Chandrachoor Rai, Shadab Kamal, Rajeev Siddhartha, Sheetal Thakur, Ninad Kamat, Swati Semwal, Eijaz Khan",India,"October 18, 2019",2019,TV-14,112 min,"Comedies, Dramas, International Movies","Hoping to do good while making millions, three college graduates create a startup. But as business begins to flourish, their own bond starts to fray."
8355,Velvet Buzzsaw,Thriller,"February 1, 2019",112.0,5.7,English,s4147,Movie,Velvet Buzzsaw,Dan Gilroy,"Jake Gyllenhaal, Rene Russo, Zawe Ashton, Toni Collette, John Malkovich, Natalia Dyer, Daveed Diggs, Tom Sturridge",United States,"February 1, 2019",2019,R,113 min,"Dramas, Thrillers","A feared critic, an icy gallery owner and an ambitious assistant snap up a recently deceased artist's stash of paintings – with dire consequences."
8444,War Machine,War-Comedy,"May 26, 2017",122.0,6.0,English,s5474,Movie,War Machine,David Michôd,"Brad Pitt, Topher Grace, Emory Cohen, John Magaro, Scoot McNairy, Anthony Michael Hall, Will Poulter",United States,"May 26, 2017",2017,TV-MA,123 min,"Comedies, Dramas","When a proud general is tasked with winning an unpopular war, he takes the challenge head-on, not knowing that hubris may be his own worst enemy."
8534,What Would Sophia Loren Do?,Documentary,"January 15, 2021",32.0,6.6,English,s1412,Movie,What Would Sophia Loren Do?,Ross Kauffman,"Nancy ""Vincenza Careri"" Kulik, Sophia Loren",United States,"January 15, 2021",2021,TV-14,32 min,Documentaries,"In this delightful short documentary, an Italian American grandmother and film buff finds strength and joy in the life of her screen idol, Sophia Loren."
8549,Wheelman,Action thriller,"October 20, 2017",82.0,6.4,English,s5212,Movie,Wheelman,Jeremy Rush,"Frank Grillo, Caitlin Carmichael, Garret Dillahunt, Shea Whigham, Wendy Moniz, John Cenatiempo, Slaine",United States,"October 20, 2017",2017,TV-MA,82 min,Action & Adventure,The getaway driver in a botched robbery puts his skills and smarts to the test when he receives shocking orders from an unknown caller.
8565,Whipped,Romantic comedy,"September 18, 2020",97.0,4.1,Indonesian,s1982,Movie,Whipped,Chandra Liow,"Andovi da Lopez, Jovial da Lopez, Chandra Liow, Tommy Limmm, Susan Sameh, Widika Sidmore, Kezia Aletheia, Karina Salim",Indonesia,"September 18, 2020",2020,TV-14,98 min,"Comedies, International Movies, Romantic Movies",Four buddies attend a class taught by a love guru who leads them to question their romantic attachments — until her hidden agenda comes to light.
8615,Wine Country,Comedy,"May 10, 2019",103.0,5.5,English,s3842,Movie,Wine Country,Amy Poehler,"Amy Poehler, Maya Rudolph, Ana Gasteyer, Rachel Dratch, Paula Pell, Emily Spivey, Tina Fey, Jason Schwartzman",United States,"May 10, 2019",2019,R,104 min,Comedies,"When longtime friends meet up for a wine-soaked birthday getaway in Napa Valley, their perfectly planned weekend turns messier by the minute."
8694,Yeh Ballet,Drama,"February 21, 2020",117.0,7.6,Hindi,s2899,Movie,Yeh Ballet,Sooni Taraporevala,"Julian Sands, Manish Chauhan, Achintya Bose, Jim Sarbh, Danish Husain, Vijay Maurya, Heeba Shah, Kalyanee Mulay",India,"February 21, 2020",2020,TV-MA,117 min,"Dramas, International Movies","Discovered by an eccentric ballet master, two gifted but underprivileged Mumbai teens face bigotry and disapproval as they pursue their dancing dreams."
8727,You've Got This,Romantic comedy,"October 2, 2020",111.0,5.8,Spanish,s1902,Movie,You've Got This,Salvador Espinosa,"Mauricio Ochmann, Esmeralda Pimentel, Matteo Giannini, Regina Reynoso, Juan Martín Jauregui, Tato Alexander, Verónica Bravo, Fernando Becerril, Moisés Arizmendi, Tiaré Scanda, Mariana Cabrera, Montserrat Marañón, Verónica Langer",Mexico,"October 2, 2020",2020,TV-MA,112 min,"Comedies, International Movies, Romantic Movies",An ad creative and a successful exec have a great marriage — until he wants to be a dad just as her star is rising. Then he brings someone new home.
8768,Zion,Documentary,"August 10, 2018",11.0,7.2,English,s4708,Movie,Zion,Floyd Russ,Zion Clark,United States,"August 10, 2018",2018,TV-PG,12 min,"Documentaries, Sports Movies","Born without legs and stuck in foster care for years, teen Zion Clark finds his calling when he pursues competitive wrestling. A documentary short."
